simulation_id,simulated_cumulative_return
1,0.12798145634796243
2,1.0783906257590992
3,-0.24999852008171364
4,1.7117909350911535
5,-0.05403025355623774
6,0.7121325822804306
7,1.0529331156774246
8,3.0011383282045148
9,0.5373339238245797
10,1.439666202966818
11,4.28353282854722
12,0.7850680532232839
13,1.0308095648048674
14,0.6507864465842548
15,2.152903040423191
16,1.3069028768181408
17,0.3584695224463708
18,2.8207395325344846
19,3.6509859441807
20,2.001002853415628
21,0.057705780109011125
22,5.400783077196078
23,4.21233098999219
24,0.12341568229981084
25,0.6609199177750342
26,1.108676438980405
27,1.1733335907496747
28,1.6066490811388685
29,0.8514639201207121
30,1.2471404785133953
31,0.10326606409684201
32,0.9494224878121363
33,2.3351120241876044
34,0.11006151837499188
35,1.9182662718433166
36,1.1702062260035468
37,0.13476031869464952
38,1.009330070520324
39,0.9261657132748916
40,1.7413880768800714
41,0.8233823813154589
42,0.5166233151013954
43,1.8993032051941774
44,-0.11952163794054625
45,0.4144522048453579
46,0.7729105877053162
47,0.0764973464763991
48,2.3616606645402385
49,0.4405557403883415
50,1.7357834055291181
51,-0.18406313995601395
52,1.5281143700337756
53,1.709124585208774
54,1.354957137798252
55,2.695398580180332
56,0.2751026432717516
57,1.7595842987433206
58,-0.0806958192764814
59,1.932978997274404
60,0.005644187932325506
61,1.4907767002063317
62,-0.06538252269729444
63,0.5796272283872472
64,0.7757193408366847
65,1.3531702516105146
66,0.9235807940333396
67,-0.28540105221215784
68,0.5488267180581464
69,1.177579244884064
70,0.8594697724546376
71,-0.2655443471059759
72,1.3320819657180205
73,0.5820269457478386
74,1.46481945563995
75,1.6675887669094935
76,0.4121232927418636
77,-0.1120153259856782
78,2.09244693703445
79,0.10474046761374677
80,1.0578557265509532
81,1.613395997794822
82,1.2372962757563568
83,-0.12731675718097532
84,0.888801894158148
85,1.2701773702110644
86,1.517014087855657
87,2.486347049183507
88,-0.04640252413615146
89,-0.2967645984548384
90,2.3594116579165862
91,1.9988620046835028
92,-0.3860937740539695
93,1.635553225449828
94,0.8582924231706752
95,1.0339602858177976
96,0.2205645160208057
97,1.2754175641561374
98,1.5028520333527826
99,1.7379786766993586
100,5.9498262652775935
101,0.8840837106279783
102,2.58596872394174
103,4.770478590781657
104,4.020483985010375
105,0.5129714383966775
106,0.629509504925759
107,1.39027797241475
108,0.08590864669409884
109,2.8324102660506685
110,0.8679845641975795
111,1.839835260734097
112,3.524704922443966
113,0.35194008295935125
114,-0.13793595722753754
115,2.0326652894816677
116,2.655488712791998
117,1.309433778190826
118,0.1259663678188155
119,0.012927807397928644
120,0.4330055580927567
121,0.8265575719228178
122,0.24312617435443626
123,0.38287613877362703
124,0.6536166665283404
125,0.7677260892147931
126,2.6281726992443497
127,-0.006135506327263073
128,0.17128765652830255
129,0.7825647647019341
130,0.5117366302696559
131,2.5972792062812387
132,1.3294027508293558
133,2.124388116591636
134,-0.05760257264187584
135,0.5025394432608672
136,0.7794470649178471
137,1.7670990836119005
138,-0.1268666669589759
139,-0.12438635582222941
140,0.6193193735854436
141,1.2879794885744043
142,1.7085232766964529
143,2.3451098220936726
144,0.4864061964796686
145,1.1268128886822109
146,1.1125175188883236
147,0.4088591088340514
148,1.424776941292136
149,4.178600530170157
150,2.3125878592076536
151,-0.3586985607859347
152,3.6668751289962316
153,1.1628828287610198
154,1.0265704314347985
155,0.48617226374998307
156,1.0659588517773535
157,0.6918724325104239
158,0.10616247431849603
159,1.1076066888394258
160,-0.23591573265749624
161,1.3900860390262197
162,1.4531288637196285
163,0.5071580746374724
164,1.2272075465380552
165,0.1020522807070021
166,0.44917784741936434
167,-0.5141166288374399
168,-0.41860604678139746
169,1.0927134614146234
170,2.201627690505359
171,5.857604386269634
172,1.120809728466431
173,3.5583489135339574
174,4.645644605137289
175,1.8050427785237064
176,3.939139025443959
177,1.8678793625639865
178,4.868778098010526
179,0.3485744266456641
180,0.5597565012898122
181,-0.14327755394750274
182,0.9170189678808959
183,1.9479606268165768
184,0.4768842727600075
185,2.6560906057308284
186,0.8921180168233762
187,1.7893998408451885
188,1.490572398595082
189,2.2843571343169344
190,0.4056179188320506
191,2.595076023421273
192,2.1206310016855277
193,0.5137385683735717
194,0.22421024244395515
195,0.03788022339186604
196,1.7635243284790412
197,0.7398511307047029
198,0.43358035302477194
199,1.4265700186850918
200,1.6770087254530066
201,1.4521261758233044
202,1.9290023856972836
203,0.907324467761901
204,2.65070125609097
205,0.5975114827770808
206,3.5422515905041156
207,1.1419451247931864
208,0.4053167558885832
209,0.7619343365943442
210,1.6821685095083818
211,1.5985542592257822
212,0.6006823166542828
213,-0.3547185700851629
214,0.7339356629959239
215,-0.07283401872650032
216,-0.020838742098615394
217,2.797987177951421
218,0.98728090381495
219,3.85999212145756
220,1.4149836911642675
221,1.744309052885201
222,0.9271759280327148
223,2.0696649104369107
224,0.2161930681965829
225,10.7768381068301
226,0.5148164583850809
227,3.222800987132038
228,0.30047170427110004
229,3.39504172138853
230,0.3691331127809327
231,-0.22643089609310368
232,1.1415796438527726
233,0.4458479049776417
234,0.7070647376964015
235,-0.2997839323692396
236,0.5259998314968481
237,0.32343256799699477
238,2.3536210091322642
239,0.7178813675390616
240,1.0867766245020694
241,0.2760915749410013
242,2.6325860146073654
243,1.702843665337846
244,0.41626803988596855
245,1.6097108084178884
246,0.32109315387911436
247,2.3393453996807754
248,0.5281728197266011
249,0.2836546613621029
250,0.8241342611947977
251,3.3028444886504227
252,1.548945767929272
253,1.6861284799861003
254,3.133240431617844
255,0.5796918301039609
256,5.1982814293856014
257,1.4359151133044978
258,1.5617963446444219
259,1.2201365260243873
260,1.2837277223691552
261,0.9090375894273602
262,0.9759426199428705
263,0.5084351517344587
264,1.3405912658160428
265,-0.38896734061363986
266,2.870469457884039
267,0.2853180249594495
268,0.27574844420406336
269,2.5613006034321946
270,0.9983456374814466
271,1.5513572440068952
272,1.212956919593193
273,0.2139151200646906
274,5.735819030553789
275,-0.03855112430916156
276,0.41798323953487637
277,2.1436740726513057
278,0.7343678551824827
279,0.652395242004282
280,1.4774131637079122
281,1.1939001068713242
282,0.035725131213897844
283,0.3934612018538316
284,0.15473375211961904
285,0.5933260448687475
286,0.47243930917161875
287,3.2016560355952866
288,0.7864334503068583
289,0.9199945154258514
290,0.3819736096548334
291,0.6104178646651064
292,1.578021859766182
293,0.24454890952210614
294,0.32279723782423564
295,3.1960666274463847
296,-0.5007461307134361
297,0.7683276540592423
298,0.1885724993834681
299,-0.34310440257004776
300,0.5555232403770465
301,0.4399904507878546
302,4.813430891643506
303,2.594913762439508
304,10.078951769584425
305,1.1915508094388554
306,2.272069724334484
307,-0.02893918342806041
308,3.4927674644857296
309,3.3002649206841164
310,4.232160728795502
311,1.4735016504795695
312,1.5205482850132754
313,1.659311557795614
314,2.1173747071632403
315,0.9031082322657129
316,-0.12643489276048842
317,0.7200047585914401
318,7.474922765227298
319,-0.1998070822970984
320,5.120418643170954
321,0.4844207292178643
322,1.5381231358129186
323,0.20384933325559065
324,-0.18513771042369734
325,0.8285646860357297
326,2.5092164049560735
327,0.5231074241892177
328,0.6700892031027601
329,0.7209534618891389
330,0.24345471768523685
331,0.4451078381554533
332,0.3069881613355006
333,0.2818547410906977
334,1.1319850960292737
335,-0.3077633445599345
336,0.08084261200975465
337,3.6434055897066693
338,3.0502847313586243
339,0.4745961615326814
340,3.7033676732181737
341,13.820123531419718
342,3.077537739526578
343,1.7132821079297083
344,0.8027719110320746
345,0.047985492453336435
346,-0.2799575527112695
347,0.7863451091078445
348,0.9958539154966473
349,1.6126755865390272
350,0.4017760343434438
351,1.5112437160756131
352,5.091426694718596
353,0.9753446486672592
354,0.9046544431300064
355,1.3544385731933475
356,1.1945565593796437
357,2.5523354194340877
358,0.7398217089728749
359,0.31913337931636115
360,0.0016629334535689043
361,2.087432585708511
362,4.243021014944588
363,0.22434550679349585
364,1.7128839309611374
365,-0.3328031518284395
366,0.43675684224195016
367,0.9671352491517499
368,6.356990124488807
369,0.002121023696598597
370,3.7109395569304726
371,2.4959140147405243
372,0.5745393855378569
373,0.504886265122999
374,0.2385482591846812
375,1.585752249987232
376,2.0255075503547557
377,6.732174886701195
378,0.534551605266968
379,0.2129034222473921
380,3.8358775164019723
381,3.024457338806724
382,0.7851506430196621
383,0.4917303930667345
384,0.572208939011589
385,0.2805363157883936
386,3.2701892848426137
387,1.0365012577435384
388,0.41937906662127317
389,0.5740034354061158
390,-0.11789007880546991
391,0.22919570624594765
392,1.176718371406004
393,-0.4294510930789919
394,7.726410212477017
395,0.6248148827081527
396,1.1357078980688913
397,1.1041460838489734
398,0.8743700649164443
399,3.2739949529486925
400,2.748282923990347
401,-0.37685299248131243
402,5.547485045561751
403,11.418620290433656
404,0.4599320676341146
405,0.9833750646881305
406,0.5592680442371514
407,1.1175486496862945
408,0.3136251515612692
409,1.771132823484952
410,1.0739412175325376
411,0.26661405482817646
412,0.6413297575032569
413,0.7007466523754692
414,0.7644014721627891
415,1.0609838825367008
416,3.2079681241162987
417,2.146104185814004
418,0.5879750402439805
419,1.1608852041871394
420,1.1443924643420587
421,1.1837243541860165
422,6.039084882556697
423,1.4870538728726175
424,0.5647066539963198
425,1.807655559614779
426,5.059890874592553
427,-0.22760162502374306
428,1.972972866375577
429,1.4228042854455705
430,-0.39815556925082646
431,0.8759869228534766
432,1.856338910440585
433,2.5429912494480886
434,0.8849882732170544
435,1.6365858270821445
436,1.3717131920323473
437,4.2041272363948545
438,0.3366384233727423
439,1.087547474058016
440,1.479060412720946
441,0.5401952417049798
442,-0.2813488237989507
443,0.2971539918842526
444,5.701840976298593
445,4.927510276870094
446,1.730231687895754
447,0.7798493092633316
448,2.286396185317353
449,3.361049854229881
450,0.11308257657131726
451,1.2687759480500884
452,4.865068322997327
453,0.13203803762811722
454,3.6365112545760394
455,0.2883613075420416
456,0.11596780661315102
457,0.7691818562671886
458,-0.017660751199948085
459,4.373942514352908
460,0.7993523645968311
461,0.31635121548514245
462,2.485006682013483
463,2.054563516936362
464,-0.008636079353596973
465,7.178522826311318
466,4.591441170122404
467,0.9463873232496172
468,1.840336631092142
469,1.6425232528159197
470,1.3600923291416787
471,0.6154646944735351
472,0.5422707449355034
473,1.7074689655578206
474,0.017338106973178186
475,1.9550647448144238
476,0.4007584266353451
477,0.39675262851594195
478,1.5806754975838944
479,4.613548115500191
480,0.9765509364800712
481,2.0324449585662436
482,0.08053347460013688
483,1.1824622081759644
484,1.3032883943010285
485,-0.6689739855467471
486,0.10757061224622683
487,1.4988201267349712
488,0.32347918124610525
489,-0.16488632298632874
490,1.9384382771314055
491,0.9373126493661686
492,1.0197157394743233
493,0.820289248201328
494,1.0889121943645035
495,0.7518403625210621
496,5.707820508919393
497,0.7106046672651154
498,1.4293509833607116
499,0.208962912728548
500,0.9175502508161957
501,0.6930891198260588
502,0.8058586174958758
503,1.0019469867838804
504,0.9918365585206323
505,-0.1462000742636399
506,1.5575660900283979
507,1.6216672907978533
508,2.143871956860826
509,1.1797571456949232
510,3.2469060511250087
511,0.8516641230640808
512,0.3451306649826459
513,1.831294456518131
514,1.708465882418976
515,0.5852482817796566
516,0.2382189107018194
517,0.11874542288748374
518,-0.1586091136713674
519,-0.08257476677793682
520,0.009902179714614852
521,0.07461545318781262
522,1.7537792211840524
523,0.6416094279757467
524,1.6540844837678204
525,2.9762753171132568
526,0.2633680236748892
527,1.9295963996258583
528,0.8798272736328688
529,2.4529432391883
530,0.8739476001100336
531,1.5341869966867427
532,-0.23776712741075148
533,1.7094325976090066
534,1.0752822637086854
535,-0.5140806318388177
536,1.2586878107292003
537,4.810816264063557
538,2.022633451927504
539,0.2424567826648409
540,-0.2368593035218245
541,1.1062128791914592
542,0.6884464319917286
543,3.6875051547075444
544,2.009812744039498
545,1.7776419059812079
546,5.798799947834522
547,0.4271509068473161
548,-0.4137416616109727
549,1.4598842771461134
550,0.9166992757685193
551,0.8222847675394329
552,1.1565343706772906
553,4.9033651469327815
554,0.625272376914663
555,1.0070002409309673
556,0.7136303210152847
557,1.9857527113268651
558,0.18138768599500643
559,3.219643069355769
560,0.973699861346203
561,0.060266552889891224
562,1.1185773754500385
563,0.6439588572711178
564,4.152224753696129
565,1.327299193229014
566,-0.41922747103397046
567,0.9599812637448178
568,1.0203854997570534
569,0.2000476613020514
570,1.0546731710641706
571,0.7890764745948471
572,2.5469602225582544
573,2.2012722748785336
574,1.7850317740018278
575,0.9514262959220553
576,2.1621874795906075
577,1.2469092769606123
578,1.4818485064923004
579,4.983248007251354
580,5.61235808659014
581,3.094697804954289
582,1.0127603861896473
583,3.7984590487005527
584,0.14411493463490588
585,0.8771886191432995
586,-0.2234540599662572
587,2.3168867404447004
588,-0.12053340251274526
589,0.796021726984882
590,4.533204501001736
591,0.575115672165726
592,-0.34805106993512547
593,3.5233911820157124
594,0.6664426658112494
595,0.24392702247624118
596,0.34752597301302196
597,1.4156221281482368
598,0.09496440977468423
599,0.5383603973583654
600,0.708681238481373
601,0.31734326619612085
602,0.8933006200750669
603,1.2098061933565278
604,3.7895893002697556
605,0.7021062238491541
606,0.947909091675082
607,0.9069233950726644
608,0.6135583239483298
609,0.6681813607699763
610,0.1186352139831905
611,0.7171070745690667
612,-0.28538488182388666
613,0.9578521905044302
614,1.2979181632577415
615,1.3378770679733039
616,4.495833045716249
617,1.109367681403726
618,1.5123095405586633
619,0.5322741278404955
620,0.21507594861137574
621,1.488499722525056
622,1.583863487540861
623,3.1279608598284105
624,1.0267566312447443
625,0.23263331769274304
626,0.5675594360065239
627,0.6198130991983961
628,2.076029611796704
629,0.4873284132603995
630,10.818066379590658
631,0.34462725326880583
632,1.7095659717369058
633,-0.19072938463966513
634,0.5508702997002543
635,0.4748716888558472
636,0.26725075796096587
637,0.3371145751076136
638,1.1756670210735798
639,-0.252960878723755
640,0.5853800402380833
641,1.0172670061648088
642,-0.34464853623430736
643,1.885002721685575
644,3.859580834908921
645,2.3946764572798127
646,1.17155834807193
647,1.8937674959194162
648,2.089897725533602
649,0.5245600706090687
650,1.9204013235258195
651,-0.11029670827810856
652,2.67391063693769
653,2.0101499788994017
654,0.015691097265170005
655,0.6821279394533595
656,1.5655110469248632
657,4.958850522892678
658,1.2893900981861175
659,1.536680397077835
660,0.0705421180124139
661,3.049766813387527
662,0.1726232939479062
663,1.1024633843862501
664,2.901278104998958
665,0.7557206124386022
666,4.698281534272892
667,6.317042095762116
668,0.1101361379660616
669,2.5395770918894542
670,-0.7959943361557701
671,-0.29264327477073404
672,1.4496196661394376
673,1.2959828701988705
674,1.402897623574476
675,3.051006713841568
676,0.6355409051893726
677,2.3308424006122808
678,3.436035239564863
679,4.382067716428654
680,3.1230897097627532
681,1.1897937434183612
682,1.0180127859385224
683,4.757095858840824
684,2.2481934316968757
685,1.1019798319280876
686,0.8667371649748854
687,4.214246038555492
688,0.422768296276005
689,0.15869679312957824
690,3.118824599953968
691,0.21468024616897968
692,1.6754861249661863
693,0.45776828780356826
694,-0.22711951793002885
695,0.5254631265990722
696,3.6120371109055545
697,1.7453264672862658
698,0.13498673744088885
699,0.8004614357478301
700,4.765205740120054
701,5.4919120650741995
702,0.7783835867838355
703,3.714031689398258
704,4.141183491276731
705,2.858521941574788
706,1.1549569319333464
707,1.810518831859639
708,1.1667753549250617
709,0.8286891146285825
710,0.5672738331156407
711,3.452289474441575
712,0.04379941875343656
713,1.8543283991403485
714,-0.06506980197806968
715,2.576382833514693
716,5.861879075783954
717,0.24087091015394163
718,0.05756624206062856
719,2.2695284223113608
720,2.178805685107572
721,3.1093824981238805
722,2.7141788551470003
723,1.193137884093822
724,2.384480608188593
725,2.6502939327570476
726,0.14249047435148982
727,1.0993717599425321
728,0.4315335292879902
729,0.5590661722262715
730,1.4092721184785688
731,2.2432297014656117
732,0.035690094661693206
733,0.9079506494291529
734,1.0560733404451654
735,-0.08340445867211695
736,3.2110146861080326
737,2.068569032804407
738,0.551925898488564
739,-0.47054486954358793
740,0.5859806402027115
741,7.64927687382128
742,0.8372045022154145
743,0.9810419190547165
744,0.7985507463567718
745,1.6945345547066133
746,1.952219716298457
747,1.3551408237087061
748,2.093789438522873
749,0.777523769063359
750,0.724813005097752
751,0.7910613325079948
752,-0.12173390615758489
753,0.35920367982101026
754,2.0525594382743586
755,0.30368857144934674
756,0.6185707999253667
757,1.575094935010642
758,2.792908744479619
759,2.201548003477948
760,8.809527843754141
761,0.21053257246042958
762,0.4067540682531505
763,1.833011473251671
764,1.4843694286008928
765,-0.17606237614981166
766,0.11199212825754025
767,1.1289799341591213
768,1.4419234934212142
769,0.529857559474417
770,-0.5895071215705
771,2.5632813030300072
772,0.42590334787297834
773,0.9563875859275187
774,0.16279273891718568
775,2.0994148122479217
776,1.6071176313744802
777,4.371693004416847
778,0.860734929557329
779,0.3102419961006969
780,0.4944263883428305
781,-0.13448755453713504
782,8.559931616657703
783,-0.23615616949519874
784,0.5064716661975532
785,1.0882237993352097
786,1.830857939332083
787,0.837843531753103
788,0.11769365485670505
789,3.9583843213925216
790,2.0639640210351202
791,3.1123787209253893
792,0.219080008856664
793,0.6232767707386203
794,0.4465783419484216
795,0.23002312253454452
796,0.3508627569366161
797,0.04708916883255907
798,1.3742268863575406
799,-0.2219239021941889
800,0.45579125987945
801,3.2251082453655027
802,0.248548363191157
803,-0.16085766170663543
804,2.2495211623763103
805,2.2129448959003493
806,3.375025358689507
807,0.1657678391865342
808,0.4779932827470583
809,-0.2643102149596914
810,0.2508145166745699
811,-0.1260090289295993
812,1.3670315981072354
813,5.72137549770353
814,0.2363118113537147
815,1.8689496466617574
816,-0.06024323348012184
817,3.3108686758450836
818,-0.14266164380141377
819,1.8116039052978417
820,1.3718436885353404
821,2.9126793946979475
822,1.675957527447179
823,5.125569059711763
824,-0.6936315332980416
825,0.37416303181835414
826,0.7735068626466629
827,1.751326504476643
828,1.4615422595089513
829,0.9184873776926502
830,3.062959837328626
831,1.1517180326242742
832,2.3413524095732554
833,1.0160427731551303
834,5.436410783014383
835,0.016947897628426016
836,1.5729709106293943
837,1.9509306608432224
838,1.3151947625357376
839,0.7660686128466858
840,4.862285853946718
841,0.3542622628608067
842,0.9829382342518509
843,1.9987987108687961
844,0.6634881189736517
845,2.9954595515435507
846,3.200959772417722
847,0.948344796295209
848,-0.06547932227164141
849,1.6035375326751786
850,-0.08652885644197299
851,1.559935695928311
852,-0.08194564570419066
853,-0.29106917804730914
854,2.4189053499489876
855,0.42090353504362676
856,2.3639783782606614
857,1.184189456862993
858,-0.45489224757598723
859,0.4530796041984482
860,-0.12915872158177105
861,1.195315814676621
862,-0.14227578080687506
863,-0.11895441166858786
864,1.1233141642557078
865,5.445298437164679
866,5.399864177098511
867,0.8526781320448193
868,1.299221650523678
869,1.892270507876768
870,2.552178946417838
871,0.44084954500058865
872,0.9080343896783374
873,0.8108291234898357
874,2.3480609465221582
875,-0.2695125481787374
876,0.9119523665978208
877,1.0128242090795034
878,1.3144233273239299
879,0.6957455316098874
880,1.145234962210655
881,5.464103186047811
882,0.3605937433906291
883,0.7567974592039391
884,3.006254685148367
885,0.15310087071533537
886,0.47792528319320143
887,3.6632738458831384
888,1.128087993020302
889,2.6001872784751487
890,1.0177773876796516
891,7.38440050399641
892,0.9741524066737649
893,1.5001996436579146
894,0.2777311382442719
895,0.5861083276091713
896,1.2609840917395068
897,0.9883366297005906
898,4.9083513469376125
899,0.07308470465858466
900,0.9452717585385594
901,2.6447324668123926
902,2.554372286522313
903,3.3137776353242976
904,2.0637755791701067
905,2.0441507435435486
906,1.0450227884950434
907,-0.15456969388043687
908,-0.09409815644404769
909,1.2742034292581084
910,2.3496365634953715
911,0.2635032483127226
912,0.9130431505434946
913,-0.22587303199019163
914,-0.03642322254834825
915,1.2090181906198925
916,1.4300651084123468
917,2.4019433257971694
918,1.6402587313710855
919,2.529695913961479
920,3.344105779614865
921,0.6562560469340493
922,-0.28610958360020056
923,-0.028078474836605017
924,-0.2162091884611721
925,1.2229881216346854
926,5.179377558689705
927,0.6571528699473619
928,-0.18678526670877296
929,2.7128227934394302
930,0.38254874601627525
931,3.13604298140163
932,5.075150090130107
933,0.36186197232891726
934,0.7474807183769848
935,3.0441506471770876
936,1.5799573982675355
937,1.4162415484372768
938,1.286638592658194
939,1.7586323049394157
940,4.327105128091939
941,3.4226332815150853
942,0.5355637396366059
943,3.991302313875873
944,1.1081535626452235
945,-0.03239575632928313
946,4.212194735773024
947,0.8188483346155006
948,2.6733297032097174
949,0.21344322362162194
950,4.967236077835426
951,2.222711901514634
952,-0.14905216283189737
953,9.350566028332523
954,2.6909860962095156
955,-0.48052891403660075
956,4.035313908618141
957,3.7902687539708695
958,0.43840340665249894
959,2.6891136506502686
960,1.584036201902872
961,4.226233273166069
962,0.6593989981889723
963,1.3651119285958468
964,2.1187514477582408
965,0.7870599249239566
966,1.5534053254611824
967,0.13800481267609552
968,2.6097412491046343
969,0.7653779018500549
970,0.11407828640907397
971,1.1939700897511043
972,-0.21556958630368145
973,1.7602648208835112
974,1.944167224123206
975,2.332234212788494
976,0.8164149620666857
977,2.730090592066139
978,1.0348190730506917
979,3.986455382049919
980,0.2086861495657179
981,0.6432241579301395
982,0.9739615276416129
983,-0.1745334435471657
984,1.336305263636283
985,1.7782155383202747
986,1.1873725481566682
987,0.11591509927759892
988,0.7011027010852396
989,1.4228993431894528
990,3.45641747421817
991,1.7592283162643074
992,1.6203801264524298
993,1.9066161570297677
994,0.18845913904812125
995,1.8360510083528851
996,2.688948086087848
997,2.9071552806962075
998,0.6502607223103376
999,1.2579499275828037
1000,5.476297725431395
1001,1.7708186910533692
1002,0.4943695315077213
1003,0.36386562272244394
1004,1.2542342103859598
1005,0.538230727241837
1006,-0.3906812978105205
1007,0.6388950251083946
1008,1.6629338960779358
1009,0.09436038867517044
1010,0.8825749317094145
1011,1.1176319108355515
1012,0.14596789046326814
1013,0.9086872257687496
1014,0.22251886907826646
1015,0.23632967484613313
1016,3.516886012380071
1017,2.9964947609078685
1018,1.5291451997516359
1019,0.1204302735587134
1020,0.7423690170948735
1021,4.241806954724653
1022,0.5218704238602653
1023,3.068816680533534
1024,1.1364047669014938
1025,-0.11884903469931096
1026,1.5529925702578962
1027,2.1557854960851732
1028,0.10430747388335261
1029,0.30025049188769276
1030,1.7797270253639486
1031,2.497682301023555
1032,0.24784537240639393
1033,0.4241008021633682
1034,3.1423250316479234
1035,0.5734710346443158
1036,2.210410763228433
1037,6.014460922999234
1038,0.33136708269212023
1039,4.415178128678924
1040,2.1232844298172964
1041,0.16453382366204328
1042,1.0565745268025482
1043,1.4403012024904587
1044,1.6711744083738165
1045,0.19706044379949736
1046,0.9868853747746814
1047,0.9581809815757206
1048,-0.29819567145873666
1049,1.7263189158575192
1050,1.0304851394862429
1051,-0.2778499247367643
1052,0.4413619958948409
1053,1.9698436149468976
1054,1.313851756928811
1055,0.18874221489151652
1056,1.3713371759645911
1057,0.4353228968921129
1058,0.8381017698307922
1059,1.6391579749160228
1060,4.465005691043554
1061,0.7437221784751761
1062,1.6684905182626828
1063,0.5520197428876977
1064,1.860201500919129
1065,0.5228232970565693
1066,1.5618588663836699
1067,1.8748785682440692
1068,0.40936203657130643
1069,0.34187225547299793
1070,1.364016661742069
1071,3.3079448044958837
1072,0.5825892293898848
1073,1.143892016340208
1074,4.499415927239707
1075,1.20146387429778
1076,-0.0907220440431806
1077,2.3177744245247025
1078,0.42919122910683816
1079,0.706475466202462
1080,0.37190655739925627
1081,2.1240688182098006
1082,5.7708533848255525
1083,0.8186170297594122
1084,0.08708743152536998
1085,-0.18696225685357742
1086,0.9103516091085917
1087,0.6553961621693977
1088,2.1926122675431476
1089,-0.04434230563833379
1090,0.06152878291523944
1091,-0.2511777788439993
1092,0.7087574588060664
1093,0.615701760808923
1094,1.9572441306502055
1095,0.8807479809978586
1096,-0.4891354643634582
1097,1.6924178128926748
1098,0.04568537460345495
1099,2.9777456631865804
1100,1.2890626722415817
1101,0.8829509183602675
1102,0.0732898428056552
1103,-0.27667201175813283
1104,2.254450086278454
1105,1.3900074547076968
1106,-0.1889588100382647
1107,1.6820080219618367
1108,2.2641023347750733
1109,1.2750815647874638
1110,0.6366668058313893
1111,0.2395110746570601
1112,-0.07303041190106678
1113,0.5700876842935748
1114,0.9059472582046901
1115,0.0024695642822962186
1116,8.860038917347415
1117,0.3958393030864923
1118,0.14504485332630254
1119,3.971230707676838
1120,5.531200628817171
1121,4.294637123429659
1122,-0.15083468746842374
1123,1.4792688524795958
1124,4.365492316754022
1125,2.607608590692084
1126,3.2786840310764753
1127,2.374308531996973
1128,2.135091535135855
1129,2.193344552940536
1130,0.05222509429811502
1131,2.285869887362409
1132,1.9160682743574784
1133,0.951701890484804
1134,-0.31183526359295166
1135,-0.18498633633489467
1136,-0.2117749601351561
1137,3.2401930468602864
1138,0.38754040253223665
1139,1.2924546608022438
1140,2.1693762696868193
1141,0.2995363008498698
1142,0.1886180143906144
1143,1.5070445228391578
1144,2.039528750371573
1145,1.9382888476098392
1146,1.3139632679366673
1147,-0.07691934635829063
1148,0.8476987793597812
1149,2.8656893820265545
1150,0.8864992204962485
1151,0.4918565403667235
1152,0.15763079361296603
1153,3.8297814581973504
1154,1.8866399569328407
1155,2.1106792521648634
1156,-0.5617520882393322
1157,0.6590286058679153
1158,2.1197156843275655
1159,1.2446958227414795
1160,3.267821683456532
1161,1.9894883550292346
1162,2.9303437410968893
1163,3.813645438167322
1164,2.5497741804703886
1165,-0.010295005471337364
1166,1.3881436224332426
1167,0.5290493602447753
1168,1.5852579911517306
1169,1.8192281595614659
1170,5.0808513488337415
1171,2.5005372759744993
1172,-0.08177350998793752
1173,2.4876808260207803
1174,0.36489527980773195
1175,2.0362980702960196
1176,0.0938210980262729
1177,2.605347722312089
1178,0.5556671311809865
1179,1.067003041746871
1180,3.051279966148571
1181,2.5937760684426787
1182,1.8901080718052616
1183,1.9040665852993512
1184,0.10065642150408882
1185,0.6716832945201472
1186,-0.0076442548561981
1187,3.2676067724212623
1188,3.1800153240221722
1189,-0.2652759438569797
1190,1.5055170294236482
1191,0.7590312370957162
1192,2.5528528372692985
1193,1.124830917949211
1194,0.580381097228817
1195,1.7721610561937182
1196,0.9717351603625802
1197,0.43742823194137403
1198,1.0380893412633523
1199,0.24081432000198025
1200,0.9493031838008951
1201,1.3325941432092294
1202,2.1422848699142953
1203,0.07877705899690128
1204,2.5556799829647447
1205,1.0444816759679405
1206,2.8661634021009674
1207,-0.3216784752025995
1208,2.957161188185116
1209,0.28420056066912347
1210,0.2611743624906965
1211,3.316161788517841
1212,0.15441404289905292
1213,-0.24033263583734227
1214,0.34213741234832235
1215,0.019260167672941343
1216,4.161376844312239
1217,1.731608531587683
1218,4.974871207096452
1219,1.6261118878716172
1220,0.5306336980769514
1221,1.4399233095555362
1222,2.4478266987974195
1223,1.6006298345337724
1224,-0.36085124349137787
1225,5.702003464532016
1226,0.11246851958915706
1227,1.4089035569388553
1228,2.520592740369939
1229,-0.10782144630781164
1230,0.4181635277994673
1231,0.8094713976011135
1232,0.7214973180248082
1233,1.4610560568468782
1234,1.3040165097737824
1235,1.4238366599813368
1236,1.433210245555077
1237,1.5387005589642295
1238,0.4574483267884519
1239,0.8301975757410085
1240,1.3387945368948444
1241,3.738887976264645
1242,2.6315957195145483
1243,1.143569147236792
1244,4.275042365829284
1245,3.6550955582011495
1246,2.4009637027450266
1247,0.42667197969260556
1248,0.7065429588284654
1249,1.1242479194037307
1250,1.3174449096935905
1251,3.2875836411221098
1252,1.7441517208445765
1253,2.521643836594026
1254,0.7299775957140577
1255,0.5357726019451599
1256,0.555959408250337
1257,0.3319393195872459
1258,1.987802414611095
1259,1.4162926481666593
1260,1.0001006294444599
1261,3.5793680820918277
1262,0.184393254085487
1263,3.157473744636148
1264,3.6337977451606003
1265,0.965260807850422
1266,1.9294914621168189
1267,0.004498643712595231
1268,1.2723815333349486
1269,8.189486684899448
1270,1.921061912730141
1271,0.77932023391585
1272,0.2573624631560875
1273,2.3515944948664274
1274,3.2349128720157783
1275,-0.04303908883511524
1276,-0.24849686999879883
1277,1.684557249682702
1278,0.33640667554698334
1279,2.9145831553990598
1280,0.8751382998068141
1281,0.2872545954642172
1282,2.9646639598442746
1283,0.5417407040827453
1284,-0.3431720207886179
1285,1.7148288242350804
1286,0.905558011158682
1287,0.8517159339608309
1288,3.1105976441903396
1289,4.0781968656417655
1290,-0.12294446046340358
1291,0.8975274148269626
1292,2.5330424669387566
1293,0.29979288603258425
1294,0.6861121465605264
1295,1.0940876525162821
1296,0.7795648144438478
1297,1.740973036116447
1298,1.5898118081293713
1299,0.1856847835838266
1300,2.6156600664585525
1301,2.1773685952175055
1302,-0.06282393308931328
1303,0.4625660807084259
1304,4.119701493474371
1305,1.011021096597881
1306,1.2272102736889299
1307,2.9689804653151266
1308,2.391838200239906
1309,2.480962386950031
1310,-0.542127998378222
1311,3.387313988032864
1312,9.022754215532418
1313,-0.3805331211658091
1314,0.647849642471056
1315,2.5239117415921006
1316,-0.09367444624850908
1317,0.09786986138179511
1318,0.5374315955195944
1319,0.817928927764719
1320,5.783522691399128
1321,-0.2550063974553773
1322,0.5324390696582054
1323,1.9145443872021397
1324,3.6713520362369723
1325,1.200455237720264
1326,0.1638628625669304
1327,0.4494088121315044
1328,2.3538913783997604
1329,1.101388266200958
1330,0.5133074456929262
1331,1.4250388636867604
1332,5.2248692828177505
1333,0.09370193858599632
1334,2.141325590444512
1335,1.259541569503786
1336,-0.3344803181733391
1337,2.8724677582831877
1338,1.5897548625124829
1339,1.6172340849774636
1340,1.1081077837357645
1341,3.2747308639522688
1342,3.1821773103953923
1343,3.958795407606379
1344,3.013861597863529
1345,2.040533097160136
1346,2.4335568336834186
1347,1.20969083831029
1348,0.3798789307351058
1349,1.6142930607418866
1350,0.9554561340672642
1351,0.2232739881487121
1352,0.6472515690788745
1353,0.48296897345167905
1354,1.4258397595440049
1355,0.589171697552316
1356,1.3603556994923736
1357,2.011285822876685
1358,-0.08010603261845238
1359,0.9249719085148073
1360,1.1997465046920364
1361,1.149099728340324
1362,0.006923088575347235
1363,0.2858920765755598
1364,2.1506138611930465
1365,0.5473437744391403
1366,4.248243899758068
1367,1.2171015444424174
1368,1.1476329852723424
1369,0.748502719941432
1370,3.0824007700976392
1371,1.1166727378160537
1372,0.18321056495350632
1373,0.4788560443074706
1374,0.8048887213758167
1375,1.467277226526869
1376,1.5098873080556117
1377,1.9756911985462344
1378,1.2335732028448825
1379,0.5128297009733074
1380,2.5925110090361922
1381,0.3839860517229545
1382,3.154881930595196
1383,1.6467053359586323
1384,1.7906239384315048
1385,2.0697371779259917
1386,7.607774721044354
1387,3.219439207908608
1388,0.44988930086708556
1389,-0.054147739665387225
1390,4.150519903090846
1391,-0.23723878082654845
1392,1.2125617350398408
1393,0.043485132984759416
1394,1.2904506691186282
1395,-0.04691564774962126
1396,-0.11931006869052657
1397,3.100372980929176
1398,1.03750140556604
1399,0.034232530492713166
1400,0.28387344777302737
1401,0.2354286526414341
1402,-0.18850719598168406
1403,0.9749913849143884
1404,1.4561889531103918
1405,0.44219675062017555
1406,2.173597457037424
1407,3.1429994550793916
1408,1.6906630316758438
1409,0.3567978926504023
1410,1.9948629908069226
1411,2.4939149028477754
1412,3.8482889340494917
1413,3.000460926190959
1414,1.672440777516417
1415,0.5950245549839855
1416,-0.3454141155199743
1417,-0.00807255661027077
1418,2.2815224757947328
1419,0.9272859686104281
1420,1.2243789290175586
1421,0.9998688706364144
1422,0.6818021942230721
1423,0.9596404736362988
1424,1.554838147414764
1425,1.1568278646310526
1426,1.225835243937198
1427,-0.11563497993546956
1428,0.7376068728968086
1429,1.273979291229556
1430,0.2901178014683077
1431,0.7639094342141234
1432,4.27026763974647
1433,2.0321525297736414
1434,1.8396780770828003
1435,0.11640993711719777
1436,1.2885789658775646
1437,1.3752896422079701
1438,3.908297025024118
1439,0.2858668825913397
1440,0.32041664799940284
1441,0.5934402380511907
1442,0.19786560388508662
1443,0.7951716253880536
1444,2.3494251179722108
1445,2.323818874050899
1446,0.07651973698692653
1447,1.7501104341515912
1448,0.7673886624174291
1449,0.5678770218927612
1450,-0.05711265720141405
1451,0.9394502536491098
1452,0.02351695442936496
1453,0.6026845694052408
1454,1.3850758406313701
1455,0.3823809355517339
1456,2.2093936565464904
1457,1.6016389168223715
1458,0.024155731397756473
1459,0.7872637150297239
1460,0.9244840765027091
1461,1.1870661788771737
1462,1.5507578451873827
1463,0.8822514642924479
1464,0.21011863263679248
1465,2.7201806600767733
1466,0.8256800823129843
1467,0.4531524817162214
1468,0.3455745181058886
1469,1.4553324532189285
1470,0.1586147311525576
1471,0.010106163840174381
1472,3.045171183573226
1473,0.6252972619521144
1474,1.1719770133908645
1475,2.866931606270419
1476,1.6174360520128863
1477,0.49988294724223964
1478,0.9473873327479219
1479,2.87245880984339
1480,1.397634954293479
1481,1.809216433454772
1482,0.693463841722261
1483,3.775099244972488
1484,2.6441393492952816
1485,0.7768129564570906
1486,1.9194492442486268
1487,0.20228597333253898
1488,0.14931249011032732
1489,2.880843953343733
1490,1.7136760344237538
1491,0.46607086712574314
1492,1.848909175418748
1493,1.028593912769955
1494,0.8196193444171312
1495,0.43693761477472803
1496,1.3569826737081034
1497,1.1185072409502133
1498,-0.05544356453180145
1499,5.97155057871632
1500,1.6193605686028794
1501,1.1964256331554892
1502,0.6645664585907181
1503,2.5740307270938882
1504,0.23647864765310536
1505,2.6282124428430538
1506,0.5700117848346494
1507,0.5042270399682148
1508,3.1555312247484557
1509,0.7330386507952708
1510,1.1210319833724347
1511,1.524400814629978
1512,1.8698392211945278
1513,0.3879368029426085
1514,2.2772605158870034
1515,-0.21918603695165362
1516,-0.3108161221559663
1517,1.1586018428709273
1518,3.41288514303376
1519,1.1298194143868034
1520,1.067379893177495
1521,1.5112261847979842
1522,6.592033228644293
1523,2.0358795682835793
1524,0.20006443083235514
1525,2.3959730708848963
1526,0.8104989059830192
1527,1.3915486526141243
1528,0.7183981083192456
1529,2.7426701500891726
1530,1.9649313513692435
1531,1.5752610691824642
1532,0.18792030620321643
1533,1.565844617492959
1534,0.9262288218705195
1535,1.671367891656359
1536,2.1045581418538144
1537,2.008320825797347
1538,0.2709959081373213
1539,0.4694872452254208
1540,0.34525043937198646
1541,1.6059698509517601
1542,0.5161134841491509
1543,0.06769889593025603
1544,2.5290506738535123
1545,2.650395229928863
1546,1.2504611809066348
1547,1.1397622280606123
1548,0.7397320472025054
1549,1.2111413295921976
1550,2.1219182116099695
1551,0.17299334477188535
1552,2.4585852408186013
1553,1.682510875911824
1554,0.266851795398531
1555,0.5313289186196594
1556,-0.6411199263404785
1557,2.435514045404557
1558,1.6440926989570408
1559,-0.2542512757476284
1560,0.6228131283907843
1561,0.7419235722398047
1562,2.1921368126215586
1563,0.7196767101828959
1564,-0.3200984639033654
1565,0.46268854421732336
1566,0.7880027553377235
1567,0.23167307603146745
1568,1.397076039718757
1569,2.747377857651669
1570,4.564132769918444
1571,2.286879503869732
1572,0.7315028289251205
1573,1.6468229113090764
1574,0.642395721357554
1575,1.990156506404582
1576,1.9361911873765074
1577,1.193654536527195
1578,1.0947233257844131
1579,5.809509915133645
1580,1.8401682080348343
1581,-0.34611750497389643
1582,0.137728816761468
1583,-0.5146573894693635
1584,0.7120622983903172
1585,0.4298367516619747
1586,1.561785874016133
1587,-0.15843272010485973
1588,1.0952130363862618
1589,0.8207673909430564
1590,1.228680189531048
1591,4.674068740581062
1592,0.7458348843221825
1593,1.5735200356028296
1594,-0.22990803215573305
1595,3.0299933579509575
1596,1.1813640461011412
1597,5.772837404027732
1598,0.9354745523817743
1599,1.2143134085003506
1600,0.0853604987056326
1601,0.5553510480112415
1602,0.45176721790808655
1603,1.8184331824455138
1604,1.091458090176626
1605,1.1531321668853192
1606,1.6574352158887147
1607,-0.4019063313821726
1608,0.6852411324751069
1609,-0.20890681273565181
1610,1.4524432848297402
1611,0.9814109077186512
1612,0.07482191835741887
1613,3.4760285415908303
1614,1.817733546026963
1615,5.81798212272543
1616,0.33255703428933153
1617,2.4655902868448543
1618,3.32133283946476
1619,2.804752346997071
1620,0.6618398152617134
1621,0.6215160089271279
1622,-0.41000387493011675
1623,1.8170415340714283
1624,1.4613804257928154
1625,2.2241650692918498
1626,0.06830475000808138
1627,1.3919423084565645
1628,1.0261459783023243
1629,2.469283049249203
1630,6.208747676422638
1631,-0.55838050241345
1632,1.7121458331322428
1633,1.4906615015081626
1634,3.6569494091697003
1635,2.850828917409307
1636,0.4948064338277598
1637,2.0851951604676078
1638,3.49228320148754
1639,-0.30077466705754147
1640,-0.07489196531040886
1641,-0.09357260165944135
1642,-0.112342267841015
1643,0.8123511873952965
1644,3.6389146480376477
1645,-0.18303675732353605
1646,2.6590232987280893
1647,0.7812264558552168
1648,-0.07415489819985775
1649,1.0514136935577323
1650,0.6732562696583542
1651,0.39672755698259327
1652,-0.29114868191040766
1653,-0.30333015122583007
1654,0.9464140582002554
1655,1.8258141338816984
1656,1.3106162709245124
1657,0.5824389083395446
1658,1.753439839543408
1659,1.6514792225002846
1660,1.177793398457013
1661,2.5140504710025113
1662,1.7793663311737218
1663,3.7781380168912784
1664,2.58129677008485
1665,0.26693192125803
1666,5.182449892137506
1667,0.1331194374437992
1668,-0.23106239590037522
1669,3.052022003187815
1670,2.2313503179729994
1671,0.45528076757122055
1672,6.104618666641616
1673,0.6244893743555971
1674,5.158604616653886
1675,1.5922592817908376
1676,0.4969923762537844
1677,1.261953449162845
1678,2.1130231033622695
1679,3.9393181810487703
1680,2.9277693568084753
1681,0.2411254291687555
1682,-0.05216861753901059
1683,0.7075991232630979
1684,4.386682750817647
1685,0.8846282254604453
1686,1.5220692587928084
1687,2.7164811278210803
1688,4.130257069376371
1689,0.556132156156549
1690,0.8548389270941479
1691,1.2565008013623193
1692,2.1852711752066054
1693,0.5736411285860151
1694,2.0012430790031672
1695,0.12060927177676126
1696,1.4966134360741876
1697,2.9529946159056397
1698,1.8195692832554857
1699,0.0070033494285996764
1700,3.182142689482953
1701,0.5654441614624306
1702,0.37009340177979283
1703,0.9318506006909474
1704,0.236068755990517
1705,0.07782000556699743
1706,0.5893371793289037
1707,2.0004318322360333
1708,0.7114776056275802
1709,1.8221069519111333
1710,1.3927344420843297
1711,1.1564934972518435
1712,0.29058513693189775
1713,0.40755184491135715
1714,1.4172339697598364
1715,0.0313996367964216
1716,2.8104563844226638
1717,0.75017282122269
1718,0.1935268348951168
1719,1.437448535969185
1720,1.4459103264646045
1721,2.0291308492578226
1722,0.26822005140126687
1723,0.907725132229671
1724,3.257943569838171
1725,0.24472238087151224
1726,1.9877124061509226
1727,4.238631526138973
1728,0.9832029687983275
1729,1.4292511942270167
1730,2.732408842591278
1731,-0.2442347619516881
1732,1.2564975562388403
1733,1.5834611790812179
1734,0.2719871931702276
1735,1.152145135935547
1736,2.9020014810041537
1737,1.6962409224801425
1738,1.5218393613524575
1739,0.48338033455242146
1740,1.5010937902899046
1741,2.862552102803172
1742,0.41952361602739574
1743,6.643971980372107
1744,0.6883165004396613
1745,2.3330598186854594
1746,2.2333100586201473
1747,2.531090814081487
1748,0.3581618311767607
1749,2.4017096722132028
1750,0.2160002207370436
1751,-0.172428339928538
1752,0.5367361024674302
1753,0.5748672291921478
1754,1.6597500960173661
1755,1.1669286038071376
1756,2.927346233156624
1757,1.0663690024984305
1758,1.903479382961869
1759,5.299789354095521
1760,0.9835459492924751
1761,1.289531541474516
1762,0.8902190776407427
1763,1.6527509324314082
1764,0.8419157940458897
1765,3.9558534833051535
1766,2.5871855462327513
1767,-0.6534101656071705
1768,0.72759420232096
1769,0.9988807515801023
1770,1.8942234588855993
1771,3.5653796479076254
1772,3.7752665696447294
1773,6.681365559329064
1774,1.19063606133749
1775,1.384652629766657
1776,1.8988357303275394
1777,1.0643954832755465
1778,2.368684642742999
1779,-0.10619142738593859
1780,0.34437743786141845
1781,0.16360525862902972
1782,0.595664308846295
1783,0.5752002826804041
1784,3.460508609216238
1785,2.586997143633562
1786,-0.06601699778491092
1787,0.14025842254696713
1788,2.3984775326398737
1789,1.5955620685764196
1790,0.2667023236606423
1791,-0.017692162442525052
1792,2.4988003570534896
1793,1.9520189257103295
1794,1.6001773391975946
1795,0.711313086247996
1796,0.5096184105493775
1797,0.10205108148466818
1798,5.200127524949267
1799,0.7028983924285666
1800,1.4374904760595681
1801,2.5896357103079515
1802,1.722654790757855
1803,-0.23166608052575513
1804,1.8295819532231716
1805,0.442719633625307
1806,0.8257438391743621
1807,1.5069005432186837
1808,0.21348103184515346
1809,0.8103468641538927
1810,0.6426378908236912
1811,0.7100122203252456
1812,0.5683052875126187
1813,-0.4941246170407237
1814,0.8503937974636359
1815,0.995292057339777
1816,1.335571275262672
1817,-0.5638368151908297
1818,0.30389755986833117
1819,1.4844614918697454
1820,4.618436038625515
1821,4.107217139293838
1822,1.2399293505058198
1823,0.15424475316274744
1824,-0.035451465866823025
1825,0.43055468526389495
1826,0.12549834701240373
1827,1.573481628850388
1828,2.6306693402898853
1829,2.866760700905554
1830,0.492413641123217
1831,0.7542839995259565
1832,0.181147551638508
1833,5.911552597448755
1834,3.137790870237059
1835,3.3954913709071075
1836,1.1460124126333526
1837,1.3733462175452436
1838,-0.16523381780719845
1839,-0.11291329293040507
1840,0.18318950271159193
1841,1.4973216092242485
1842,-0.3341427043986853
1843,3.181013760338895
1844,1.1560518981619177
1845,1.2905099211451916
1846,7.629656626707231
1847,0.37574400334822233
1848,0.07321980278596575
1849,-0.5182202020394934
1850,0.0381962398733557
1851,0.6681184028896866
1852,0.42282259878151823
1853,0.09721605098051139
1854,1.331602734631989
1855,1.6601922996927845
1856,1.6089416801638452
1857,0.9838117564749329
1858,0.8592113881634114
1859,3.0670425412227242
1860,0.5718768384803979
1861,2.621872275249691
1862,-0.37585041714948675
1863,2.6608234812096447
1864,-0.18634596693551292
1865,0.5708327966437446
1866,2.9909033934366205
1867,0.5728563832322935
1868,0.2775263027515179
1869,0.11072927439155478
1870,-0.17431066813970322
1871,2.2878474775977162
1872,1.7573603586006592
1873,3.563309697503436
1874,1.5345588596723214
1875,1.5729481756149506
1876,0.8363182662248402
1877,1.2800366340042109
1878,0.2860337315862879
1879,0.6868520783449364
1880,0.31701539793212324
1881,1.4000267537462878
1882,-0.20196655182684264
1883,0.7390362860073009
1884,0.07677606256286854
1885,2.1282055501250925
1886,0.32955831513814304
1887,0.46440312385427013
1888,0.2350738437020929
1889,3.476757315953545
1890,0.549006766093909
1891,1.8228063383148982
1892,1.7725961167390458
1893,1.371842886250574
1894,-0.1543815015518039
1895,3.0831445371098303
1896,1.921283620242745
1897,-0.4095536323415929
1898,0.7268697852077705
1899,2.196450670810559
1900,1.3971795841064352
1901,0.8768296327503541
1902,2.134174110433877
1903,0.8048234401133996
1904,3.4267903354108955
1905,0.4350639915082849
1906,2.09909400595189
1907,0.3630332304472427
1908,3.1673185511453354
1909,-0.4537455676740468
1910,0.8353725922955875
1911,3.3161875245672383
1912,0.897252478714904
1913,0.800409967840666
1914,1.6206736452056674
1915,1.7378694487937258
1916,0.36219090437849083
1917,3.0005799569981315
1918,0.6524592991128755
1919,-0.3015880179675719
1920,5.912957129637777
1921,9.49780212423269
1922,2.1778995037196083
1923,4.658294749574997
1924,0.448544907271807
1925,2.0698377078283405
1926,0.3477820651753231
1927,0.6487955821239734
1928,2.7616886021593436
1929,0.37852564559998386
1930,-0.05908319698018951
1931,2.5614183400042845
1932,0.2754093225320579
1933,1.785988687157647
1934,0.703377541831749
1935,1.271313670270318
1936,1.6326714118568673
1937,1.705244039124857
1938,0.2785739357102404
1939,0.3155503905698765
1940,0.661496541066639
1941,0.4451355986093374
1942,3.583056941212624
1943,1.4000813522829707
1944,2.7647087666437815
1945,0.005660712984623319
1946,0.889901684001475
1947,1.2387655217035882
1948,-0.011892845524426895
1949,4.172256047700753
1950,1.518355837159721
1951,1.655872810554906
1952,0.31202143828865825
1953,0.405932841505286
1954,2.2236431137462294
1955,1.4473691404983189
1956,2.0652971173519417
1957,0.6136279471175787
1958,2.5328010076708596
1959,2.9303931039340165
1960,1.1351138271706587
1961,0.40491882865602763
1962,1.5414711279627564
1963,0.8615865063959816
1964,2.1079824183666593
1965,1.2893472447855658
1966,0.23093429112592095
1967,0.42856535002236085
1968,0.6349305287006889
1969,0.6766393889769697
1970,1.29933515582285
1971,1.6744280832778673
1972,2.7132022878060233
1973,2.9611555889336247
1974,4.063365567772056
1975,2.043962029083544
1976,3.7604630074407717
1977,2.4902987789787803
1978,2.234830055019136
1979,3.5775808107296676
1980,-0.2435996737857127
1981,2.6485546044599144
1982,4.081392345402799
1983,1.2701417524789378
1984,0.27449064272774953
1985,0.9679063773700197
1986,-0.03188752846641073
1987,3.0385586972055783
1988,1.3460779977727702
1989,3.5809219233032468
1990,2.973154736110737
1991,1.8466488445028617
1992,1.4029505736255636
1993,2.153898321022604
1994,0.29237282959337046
1995,2.012080341545334
1996,-0.3692356289939809
1997,1.5789968777415726
1998,1.3697759248822283
1999,0.06410588232655708
2000,0.6594109563468232
