candidate_id,candidate_name,candidate_family,is_control,ticker,split,split_start,split_end,split_rows,signal_count,rejected_signal_count,trade_count,average_holding_bars,actual_cumulative_return,mean_simulated_return,median_simulated_return,std_simulated_return,RCSI,RCSI_z,p_value,percentile,classification_raw,classification_raw_label,simulation_count,research_grade,null_model,seed,bh_adjusted_p_value_by_ticker_split,bh_adjusted_p_value_by_split_global,classification_bh_by_ticker_split,classification_bh_by_ticker_split_label,classification_bh_by_split_global,classification_bh_by_split_global_label
cand_breakout_20_volume,20-Day Breakout + Volume Confirmation,breakout,False,BTC-USD,holdout,2024-02-13,2026-04-02,780,20,0,20,10.85,-0.04987984705142169,0.29956637592016794,0.24496486601967948,0.38427114237539556,-0.3494462229715896,-0.9093740966637943,0.8268346330733853,17.336532693461308,negative_skill,Negative Skill,5000,True,structure_preserving_random_timing,20336777,0.9453493916601295,0.9696829864796271,negative_skill,Negative Skill,negative_skill,Negative Skill
cand_donchian_55_breakout,Donchian 55-Day Breakout,breakout,False,BTC-USD,holdout,2024-02-13,2026-04-02,780,10,0,10,13.7,0.4481353787846091,0.10250314819592345,0.053620245867743374,0.3100477790782207,0.34563223058868564,1.1147708640786216,0.1295740851829634,87.06258748250349,weak_skill,Weak Skill,5000,True,structure_preserving_random_timing,20344626,0.6620675864827035,0.9696829864796271,random_luck,Random / Luck,random_luck,Random / Luck
control_existing_validation,Control: Existing Validation Strategy,control,True,BTC-USD,holdout,2024-02-13,2026-04-02,780,8,0,8,11.625,0.10154303058650048,0.10913202327897224,0.054751170671051085,0.2782355923828518,-0.007588992692471763,-0.027275420184306686,0.43071385722855426,56.94861027794441,random_luck,Random / Luck,5000,True,structure_preserving_random_timing,20355457,0.6855517785331823,0.9696829864796271,random_luck,Random / Luck,random_luck,Random / Luck
control_random_baseline,Control: Random Baseline,control,True,BTC-USD,holdout,2024-02-13,2026-04-02,780,23,0,23,12.956521739130435,0.20372969276033523,0.21679246866291416,0.1491130397573574,0.4275995577158003,-0.013062775902578927,-0.03054908656210764,0.4407118576284743,55.94881023795241,random_luck,Random / Luck,5000,True,structure_preserving_random_timing,20337956,0.6855517785331823,0.9696829864796271,random_luck,Random / Luck,random_luck,Random / Luck
cand_hybrid_trend_breakout_pullback,Hybrid Trend + Breakout/Pullback,hybrid,False,BTC-USD,holdout,2024-02-13,2026-04-02,780,15,0,15,12.866666666666667,0.039726730561313615,0.09919527681632562,0.05550024685357094,0.2939734200203742,-0.059468546255012,-0.20229225571104512,0.52249550089982,47.77044591081784,random_luck,Random / Luck,5000,True,structure_preserving_random_timing,20393582,0.731493701259748,0.9696829864796271,random_luck,Random / Luck,random_luck,Random / Luck
cand_regime_filtered_momentum,Regime-Filtered Momentum,hybrid,False,BTC-USD,holdout,2024-02-13,2026-04-02,780,26,0,26,7.576923076923077,0.6033775223042099,0.14824642724120998,0.10925494295962125,0.3198349596634688,0.455131095063,1.423018595408989,0.09118176364727054,90.90181963607279,weak_skill,Weak Skill,5000,True,structure_preserving_random_timing,20364528,0.6620675864827035,0.9696829864796271,random_luck,Random / Luck,random_luck,Random / Luck
cand_mean_reversion_bbands,Bollinger Mean Reversion,mean_reversion,False,BTC-USD,holdout,2024-02-13,2026-04-02,780,0,0,0,,0.0,0.0,0.0,0.0,0.0,0.0,1.0,100.0,no_trades,No Trades,5000,True,structure_preserving_random_timing,20350401,1.0,1.0,no_trades,No Trades,no_trades,No Trades
cand_mean_reversion_zscore,Z-Score Mean Reversion (Calm Regime),mean_reversion,False,BTC-USD,holdout,2024-02-13,2026-04-02,780,3,0,3,4.333333333333333,0.07448712904943218,0.006326076038801081,0.005343249159809818,0.08372910535281385,0.06816105301063109,0.8140664195970707,0.1891621675664867,81.10377924415117,weak_skill,Weak Skill,5000,True,structure_preserving_random_timing,20351335,0.6620675864827035,0.9696829864796271,random_luck,Random / Luck,random_luck,Random / Luck
cand_dual_momentum_trend_filter,Dual Momentum + Trend Filter,momentum,False,BTC-USD,holdout,2024-02-13,2026-04-02,780,71,0,71,4.563380281690141,0.36992303474865085,0.23494328991361418,0.17627879237826607,0.4136545528814773,0.13497974483503666,0.3263103086737011,0.3287342531493701,67.14657068586283,random_luck,Random / Luck,5000,True,structure_preserving_random_timing,20373998,0.6855517785331823,0.9696829864796271,random_luck,Random / Luck,random_luck,Random / Luck
cand_trend_pullback_adx,Trend Pullback (ADX Confirmed),pullback,False,BTC-USD,holdout,2024-02-13,2026-04-02,780,18,0,18,6.944444444444445,-0.18382520803193625,0.08898099723089421,0.05467395479550237,0.2611464203247444,-0.27280620526283045,-1.0446484578405737,0.8602279544091181,13.997200559888023,negative_skill,Negative Skill,5000,True,structure_preserving_random_timing,20337736,0.9453493916601295,0.9696829864796271,negative_skill,Negative Skill,negative_skill,Negative Skill
cand_trend_pullback_ema_rsi,Trend Pullback (EMA + RSI),pullback,False,BTC-USD,holdout,2024-02-13,2026-04-02,780,19,0,19,4.0,-0.16535550855046585,0.0564418127812191,0.03202128417812554,0.20442077730426747,-0.22179732133168495,-1.0850038056628344,0.8778244351129774,12.2375524895021,negative_skill,Negative Skill,5000,True,structure_preserving_random_timing,20354496,0.9453493916601295,0.9696829864796271,negative_skill,Negative Skill,negative_skill,Negative Skill
cand_tsmom_12m_filter,TSMOM 12M + Trend Filter,time_series_momentum,False,BTC-USD,holdout,2024-02-13,2026-04-02,780,25,0,25,10.24,0.4665439585753782,0.17300444689993263,0.12000578909709327,0.3652960915632511,0.29353951167544556,0.8035659796393391,0.1867626474705059,81.34373125374925,weak_skill,Weak Skill,5000,True,structure_preserving_random_timing,20329122,0.6620675864827035,0.9696829864796271,random_luck,Random / Luck,random_luck,Random / Luck
cand_ma_cross_50_200,50/200 Moving-Average Crossover,trend_following,False,BTC-USD,holdout,2024-02-13,2026-04-02,780,2,0,2,10.0,0.08760002024591743,0.0266106883501883,0.011841426921473636,0.10328017850426714,0.060989331895729124,0.5905231069406922,0.241751649670066,75.84483103379324,random_luck,Random / Luck,5000,True,structure_preserving_random_timing,20321434,0.6769046190761847,0.9696829864796271,random_luck,Random / Luck,random_luck,Random / Luck
cand_vol_managed_momentum,Volatility-Managed Momentum,volatility_scaled_momentum,False,BTC-USD,holdout,2024-02-13,2026-04-02,780,30,0,30,7.666666666666667,0.338396879617152,0.25521444068443855,0.2040722239911856,0.35749739975822203,0.08318243893271343,0.23267984323514043,0.35752849430113975,64.26714657068587,random_luck,Random / Luck,5000,True,structure_preserving_random_timing,20346606,0.6855517785331823,0.9696829864796271,random_luck,Random / Luck,random_luck,Random / Luck
cand_breakout_20_volume,20-Day Breakout + Volume Confirmation,breakout,False,ES=F,holdout,2021-05-20,2026-04-02,1226,10,0,10,16.3,0.12573171033320876,0.08864256921479398,0.0897058896017828,0.11710748271096325,0.037089141118414784,0.3167102584721737,0.3807238552289542,61.947610477904426,random_luck,Random / Luck,5000,True,structure_preserving_random_timing,20327628,0.8484303139372126,0.9696829864796271,random_luck,Random / Luck,random_luck,Random / Luck
cand_donchian_55_breakout,Donchian 55-Day Breakout,breakout,False,ES=F,holdout,2021-05-20,2026-04-02,1226,17,0,17,13.941176470588236,0.12453987050170603,0.1145330360418876,0.10923263234141928,0.13991246359255066,0.01000683445981844,0.07152210891632982,0.4539092181563687,54.62907418516296,random_luck,Random / Luck,5000,True,structure_preserving_random_timing,20335047,0.8484303139372126,0.9696829864796271,random_luck,Random / Luck,random_luck,Random / Luck
control_existing_validation,Control: Existing Validation Strategy,control,True,ES=F,holdout,2021-05-20,2026-04-02,1226,29,0,29,11.827586206896552,0.031212480950005738,0.1365179628083815,0.1290807823870409,0.16375835148011741,-0.10530548185837575,-0.6430541154486483,0.734253149370126,26.59468106378724,negative_skill,Negative Skill,5000,True,structure_preserving_random_timing,20345448,0.8484303139372126,0.9696829864796271,negative_skill,Negative Skill,negative_skill,Negative Skill
control_random_baseline,Control: Random Baseline,control,True,ES=F,holdout,2021-05-20,2026-04-02,1226,47,0,47,12.914893617021276,0.21617219617318126,0.24610241588212584,0.22995294327794868,0.20815174452462346,-0.029930219708944578,-0.14379038608251474,0.5288942211557689,47.13057388522295,random_luck,Random / Luck,5000,True,structure_preserving_random_timing,20328807,0.8484303139372126,0.9696829864796271,random_luck,Random / Luck,random_luck,Random / Luck
cand_hybrid_trend_breakout_pullback,Hybrid Trend + Breakout/Pullback,hybrid,False,ES=F,holdout,2021-05-20,2026-04-02,1226,35,0,35,13.571428571428571,0.05539336741650461,0.23954016701232753,0.22623879470776023,0.19580566650137754,-0.18414679959582292,-0.9404569483923868,0.8298340331933614,17.03659268146371,negative_skill,Negative Skill,5000,True,structure_preserving_random_timing,20381853,0.8484303139372126,0.9696829864796271,negative_skill,Negative Skill,negative_skill,Negative Skill
cand_regime_filtered_momentum,Regime-Filtered Momentum,hybrid,False,ES=F,holdout,2021-05-20,2026-04-02,1226,46,0,46,11.608695652173912,0.14799005448535318,0.23503977973929185,0.2237019099599044,0.19124129384089192,-0.08704972525393867,-0.45518268312052895,0.6564687062587482,34.37312537492502,random_luck,Random / Luck,5000,True,structure_preserving_random_timing,20354089,0.8484303139372126,0.9696829864796271,random_luck,Random / Luck,random_luck,Random / Luck
cand_mean_reversion_bbands,Bollinger Mean Reversion,mean_reversion,False,ES=F,holdout,2021-05-20,2026-04-02,1226,2,0,2,4.5,0.014299683529087672,0.003475024529851752,0.005834414707352378,0.030579374495277558,0.01082465899923592,0.35398562520981575,0.3667266546690662,63.34733053389322,random_luck,Random / Luck,5000,True,structure_preserving_random_timing,20340607,0.8484303139372126,0.9696829864796271,random_luck,Random / Luck,random_luck,Random / Luck
cand_mean_reversion_zscore,Z-Score Mean Reversion (Calm Regime),mean_reversion,False,ES=F,holdout,2021-05-20,2026-04-02,1226,3,0,3,5.0,0.0518093855590474,0.0050464538475604595,0.008016129958422925,0.037176813318501534,0.04676293171148694,1.2578520733033014,0.08318336332733453,91.70165966806638,weak_skill,Weak Skill,5000,True,structure_preserving_random_timing,20341541,0.8484303139372126,0.9696829864796271,random_luck,Random / Luck,random_luck,Random / Luck
cand_dual_momentum_trend_filter,Dual Momentum + Trend Filter,momentum,False,ES=F,holdout,2021-05-20,2026-04-02,1226,97,0,97,7.0,0.1528670379745934,0.37237431090968165,0.35450631541280675,0.22225209348323458,-0.21950727293508826,-0.9876499676330232,0.8484303139372126,15.176964607078583,negative_skill,Negative Skill,5000,True,structure_preserving_random_timing,20363129,0.8484303139372126,0.9696829864796271,negative_skill,Negative Skill,negative_skill,Negative Skill
cand_trend_pullback_adx,Trend Pullback (ADX Confirmed),pullback,False,ES=F,holdout,2021-05-20,2026-04-02,1226,31,0,31,12.903225806451612,0.1344062510361539,0.1904124394070152,0.1788742004755437,0.18247398415447355,-0.0560061883708613,-0.30692697718184964,0.5992801439712058,40.091981603679265,random_luck,Random / Luck,5000,True,structure_preserving_random_timing,20328587,0.8484303139372126,0.9696829864796271,random_luck,Random / Luck,random_luck,Random / Luck
cand_trend_pullback_ema_rsi,Trend Pullback (EMA + RSI),pullback,False,ES=F,holdout,2021-05-20,2026-04-02,1226,21,0,21,5.619047619047619,0.05795449866689973,0.06318603739987111,0.06291251258039175,0.08736888611851035,-0.005231538732971379,-0.05987873904990764,0.5220955808838232,47.81043791241751,random_luck,Random / Luck,5000,True,structure_preserving_random_timing,20344487,0.8484303139372126,0.9696829864796271,random_luck,Random / Luck,random_luck,Random / Luck
cand_tsmom_12m_filter,TSMOM 12M + Trend Filter,time_series_momentum,False,ES=F,holdout,2021-05-20,2026-04-02,1226,37,0,37,14.81081081081081,0.09424766376356263,0.27117187020866557,0.2581203481962945,0.19910742080915653,-0.17692420644510293,-0.8885867022238407,0.8070385922815437,19.31613677264547,negative_skill,Negative Skill,5000,True,structure_preserving_random_timing,20320403,0.8484303139372126,0.9696829864796271,negative_skill,Negative Skill,negative_skill,Negative Skill
cand_ma_cross_50_200,50/200 Moving-Average Crossover,trend_following,False,ES=F,holdout,2021-05-20,2026-04-02,1226,2,0,2,32.0,0.009778846336997597,0.03810644190915088,0.04500496329754286,0.07551887641387015,-0.02832759557215328,-0.3751061577890545,0.6904619076184763,30.973805238952213,random_luck,Random / Luck,5000,True,structure_preserving_random_timing,20312930,0.8484303139372126,0.9696829864796271,random_luck,Random / Luck,random_luck,Random / Luck
cand_vol_managed_momentum,Volatility-Managed Momentum,volatility_scaled_momentum,False,ES=F,holdout,2021-05-20,2026-04-02,1226,48,0,48,12.145833333333334,0.2620910636371103,0.2783865553837095,0.26502775967377246,0.20257583650716493,-0.016295491746599167,-0.08044143875976446,0.5072985402919417,49.29014197160568,random_luck,Random / Luck,5000,True,structure_preserving_random_timing,20337027,0.8484303139372126,0.9696829864796271,random_luck,Random / Luck,random_luck,Random / Luck
cand_breakout_20_volume,20-Day Breakout + Volume Confirmation,breakout,False,EURUSD=X,holdout,2022-01-13,2026-04-02,1096,0,0,0,,0.0,0.0,0.0,0.0,0.0,0.0,1.0,100.0,no_trades,No Trades,5000,True,structure_preserving_random_timing,20341385,1.0,1.0,no_trades,No Trades,no_trades,No Trades
cand_donchian_55_breakout,Donchian 55-Day Breakout,breakout,False,EURUSD=X,holdout,2022-01-13,2026-04-02,1096,11,0,11,11.545454545454545,-0.09245075922316612,0.005693288744507977,0.0033465959435584457,0.05422989080416502,-0.09814404796767409,-1.8097777169069338,0.9726054789042191,2.7594481103779245,negative_skill,Negative Skill,5000,True,structure_preserving_random_timing,20349480,1.0,1.0,negative_skill,Negative Skill,negative_skill,Negative Skill
control_existing_validation,Control: Existing Validation Strategy,control,True,EURUSD=X,holdout,2022-01-13,2026-04-02,1096,17,0,17,10.235294117647058,-0.015649554919454536,0.012966932286846642,0.012114346089901754,0.05955509867134865,-0.02861648720630118,-0.48050440423614443,0.6764647070585883,32.37352529494101,random_luck,Random / Luck,5000,True,structure_preserving_random_timing,20360557,1.0,0.9696829864796271,random_luck,Random / Luck,random_luck,Random / Luck
control_random_baseline,Control: Random Baseline,control,True,EURUSD=X,holdout,2022-01-13,2026-04-02,1096,45,0,45,12.222222222222221,0.08375559618060073,0.0028190453426099877,-0.001227507460222683,0.07944885669555295,0.08093655083799074,1.0187251800002437,0.15636872625474904,84.38312337532493,weak_skill,Weak Skill,5000,True,structure_preserving_random_timing,20342564,1.0,0.9696829864796271,random_luck,Random / Luck,random_luck,Random / Luck
cand_hybrid_trend_breakout_pullback,Hybrid Trend + Breakout/Pullback,hybrid,False,EURUSD=X,holdout,2022-01-13,2026-04-02,1096,25,1,24,7.791666666666667,0.011059061757146731,0.005406135400082071,0.003118562382682011,0.05397671504251113,0.00565292635706466,0.10472898086911203,0.4439112177564487,55.628874225154966,random_luck,Random / Luck,5000,True,structure_preserving_random_timing,20399666,1.0,0.9696829864796271,random_luck,Random / Luck,random_luck,Random / Luck
cand_regime_filtered_momentum,Regime-Filtered Momentum,hybrid,False,EURUSD=X,holdout,2022-01-13,2026-04-02,1096,31,0,31,9.774193548387096,-0.02153571693396466,0.020633937388273068,0.018303732273564844,0.07280738052762044,-0.042169654322237723,-0.5791947741649641,0.7054589082183563,29.474105178964205,negative_skill,Negative Skill,5000,True,structure_preserving_random_timing,20369874,1.0,0.9696829864796271,negative_skill,Negative Skill,negative_skill,Negative Skill
cand_mean_reversion_bbands,Bollinger Mean Reversion,mean_reversion,False,EURUSD=X,holdout,2022-01-13,2026-04-02,1096,3,0,3,9.666666666666666,0.008598643697515304,0.0019474920504243122,0.0004921841974759601,0.025806372569601048,0.006651151647090991,0.2577329157421296,0.3709258148370326,62.92741451709658,random_luck,Random / Luck,5000,True,structure_preserving_random_timing,20355378,1.0,0.9696829864796271,random_luck,Random / Luck,random_luck,Random / Luck
cand_mean_reversion_zscore,Z-Score Mean Reversion (Calm Regime),mean_reversion,False,EURUSD=X,holdout,2022-01-13,2026-04-02,1096,20,2,18,7.166666666666667,-0.03797011530130525,0.00018406760231917766,-0.0011415783355112458,0.052337124985563185,-0.03815418290362443,-0.7290080017606809,0.7626474705058989,23.75524895020996,negative_skill,Negative Skill,5000,True,structure_preserving_random_timing,20356312,1.0,0.9696829864796271,negative_skill,Negative Skill,negative_skill,Negative Skill
cand_dual_momentum_trend_filter,Dual Momentum + Trend Filter,momentum,False,EURUSD=X,holdout,2022-01-13,2026-04-02,1096,48,0,48,7.229166666666667,-0.036725771999728776,0.01028769085880396,0.010889587486973246,0.07652278710769309,-0.04701346285853274,-0.6143720666155182,0.7344531093781244,26.574685062987403,negative_skill,Negative Skill,5000,True,structure_preserving_random_timing,20379590,1.0,0.9696829864796271,negative_skill,Negative Skill,negative_skill,Negative Skill
cand_trend_pullback_adx,Trend Pullback (ADX Confirmed),pullback,False,EURUSD=X,holdout,2022-01-13,2026-04-02,1096,16,0,16,10.8125,-0.05844815967410659,0.018820378727103255,0.01666190432476347,0.06201990796972793,-0.07726853840120984,-1.2458667052347903,0.9004199160167966,9.978004399120175,negative_skill,Negative Skill,5000,True,structure_preserving_random_timing,20342344,1.0,0.9696829864796271,negative_skill,Negative Skill,negative_skill,Negative Skill
cand_trend_pullback_ema_rsi,Trend Pullback (EMA + RSI),pullback,False,EURUSD=X,holdout,2022-01-13,2026-04-02,1096,17,1,16,2.4375,0.00025975250479383914,-0.001636991153185999,-0.00344569948910828,0.02825698052727265,0.0018967436579798381,0.0671247820038368,0.4403119376124775,55.98880223955209,random_luck,Random / Luck,5000,True,structure_preserving_random_timing,20359596,1.0,0.9696829864796271,random_luck,Random / Luck,random_luck,Random / Luck
cand_tsmom_12m_filter,TSMOM 12M + Trend Filter,time_series_momentum,False,EURUSD=X,holdout,2022-01-13,2026-04-02,1096,22,0,22,14.863636363636363,0.004226165860370308,0.02138934832851235,0.021937436834086818,0.0792073991379963,-0.01716318246814204,-0.21668660573288223,0.5852829434113177,41.49170165966807,random_luck,Random / Luck,5000,True,structure_preserving_random_timing,20333484,1.0,0.9696829864796271,random_luck,Random / Luck,random_luck,Random / Luck
cand_ma_cross_50_200,50/200 Moving-Average Crossover,trend_following,False,EURUSD=X,holdout,2022-01-13,2026-04-02,1096,4,0,4,17.25,-0.06806488562102869,0.00490556862300994,0.0018941005835388786,0.03939112747089585,-0.07297045424403863,-1.8524591431903765,0.9850029994001199,1.5196960607878425,negative_skill,Negative Skill,5000,True,structure_preserving_random_timing,20325673,1.0,1.0,negative_skill,Negative Skill,negative_skill,Negative Skill
cand_vol_managed_momentum,Volatility-Managed Momentum,volatility_scaled_momentum,False,EURUSD=X,holdout,2022-01-13,2026-04-02,1096,32,1,31,11.612903225806452,0.004378804550964525,0.020439613497194732,0.01686994992156624,0.07802182212990967,-0.016060808946230208,-0.20585021610349313,0.5618876224755049,43.83123375324935,random_luck,Random / Luck,5000,True,structure_preserving_random_timing,20351460,1.0,0.9696829864796271,random_luck,Random / Luck,random_luck,Random / Luck
cand_breakout_20_volume,20-Day Breakout + Volume Confirmation,breakout,False,QQQ,holdout,2021-02-02,2026-04-02,1298,12,0,12,15.0,0.08985222055604473,0.13930579105174695,0.12991466078525316,0.1769327557975392,-0.04945357049570222,-0.27950489027758657,0.5906818636272746,40.95180963807238,random_luck,Random / Luck,5000,True,structure_preserving_random_timing,20325565,0.7583937757902965,0.9696829864796271,random_luck,Random / Luck,random_luck,Random / Luck
cand_donchian_55_breakout,Donchian 55-Day Breakout,breakout,False,QQQ,holdout,2021-02-02,2026-04-02,1298,23,0,23,13.08695652173913,0.3443738497589414,0.19539742341154673,0.1740731486563516,0.2335245431496904,0.1489764263473947,0.6379476192868518,0.2429514097180564,75.7248550289942,random_luck,Random / Luck,5000,True,structure_preserving_random_timing,20332904,0.679864027194561,0.9696829864796271,random_luck,Random / Luck,random_luck,Random / Luck
control_existing_validation,Control: Existing Validation Strategy,control,True,QQQ,holdout,2021-02-02,2026-04-02,1298,23,0,23,8.782608695652174,0.09414343737012382,0.11168391625651902,0.09908911909043194,0.19075106613886253,-0.017540478886395205,-0.09195481441569572,0.5088982203559288,49.13017396520696,random_luck,Random / Luck,5000,True,structure_preserving_random_timing,20343225,0.7583937757902965,0.9696829864796271,random_luck,Random / Luck,random_luck,Random / Luck
control_random_baseline,Control: Random Baseline,control,True,QQQ,holdout,2021-02-02,2026-04-02,1298,50,0,50,13.3,0.23982389454357322,0.3982601630443971,0.35748895837605743,0.32795937782822293,-0.15843626850082387,-0.48309723463315296,0.6586682663467307,34.153169366126775,random_luck,Random / Luck,5000,True,structure_preserving_random_timing,20326744,0.7684463107378524,0.9696829864796271,random_luck,Random / Luck,random_luck,Random / Luck
cand_hybrid_trend_breakout_pullback,Hybrid Trend + Breakout/Pullback,hybrid,False,QQQ,holdout,2021-02-02,2026-04-02,1298,35,0,35,13.371428571428572,0.5578725855718065,0.3424638325713088,0.31145855034271674,0.30584338966484753,0.21540875300049772,0.7043106383190075,0.22395520895820836,77.62447510497901,random_luck,Random / Luck,5000,True,structure_preserving_random_timing,20379310,0.679864027194561,0.9696829864796271,random_luck,Random / Luck,random_luck,Random / Luck
cand_regime_filtered_momentum,Regime-Filtered Momentum,hybrid,False,QQQ,holdout,2021-02-02,2026-04-02,1298,55,0,55,10.0,0.4814046851224111,0.3470905541509175,0.3175851512413431,0.3206006733943728,0.13431413097149358,0.41894525532163485,0.3021395720855829,69.80603879224155,random_luck,Random / Luck,5000,True,structure_preserving_random_timing,20351786,0.679864027194561,0.9696829864796271,random_luck,Random / Luck,random_luck,Random / Luck
cand_mean_reversion_bbands,Bollinger Mean Reversion,mean_reversion,False,QQQ,holdout,2021-02-02,2026-04-02,1298,4,0,4,8.0,0.0501518453045578,0.019336476961101374,0.01849067313141805,0.07113429681032464,0.03081536834345643,0.4331998729898711,0.33993201359728054,66.02679464107179,random_luck,Random / Luck,5000,True,structure_preserving_random_timing,20338424,0.679864027194561,0.9696829864796271,random_luck,Random / Luck,random_luck,Random / Luck
cand_mean_reversion_zscore,Z-Score Mean Reversion (Calm Regime),mean_reversion,False,QQQ,holdout,2021-02-02,2026-04-02,1298,1,0,1,2.0,0.01653175177941825,0.000415952822073527,0.001965003767898787,0.01920431711532581,0.01611579895734472,0.8391758405449196,0.16296740651869626,83.72325534893021,weak_skill,Weak Skill,5000,True,structure_preserving_random_timing,20339358,0.679864027194561,0.9696829864796271,random_luck,Random / Luck,random_luck,Random / Luck
cand_dual_momentum_trend_filter,Dual Momentum + Trend Filter,momentum,False,QQQ,holdout,2021-02-02,2026-04-02,1298,116,0,116,6.077586206896552,0.12491406172172997,0.4550904226497765,0.411182145574879,0.35932796967976716,-0.33017636092804653,-0.9188718630010891,0.823635272945411,17.65646870625875,negative_skill,Negative Skill,5000,True,structure_preserving_random_timing,20360746,0.823635272945411,0.9696829864796271,negative_skill,Negative Skill,negative_skill,Negative Skill
cand_trend_pullback_adx,Trend Pullback (ADX Confirmed),pullback,False,QQQ,holdout,2021-02-02,2026-04-02,1298,26,0,26,12.846153846153847,0.6325637321005888,0.20675422322600825,0.1828962808919709,0.2561231501615495,0.4258095088745806,1.6625186306118813,0.057788442311537694,94.24115176964607,weak_skill,Weak Skill,5000,True,structure_preserving_random_timing,20326524,0.679864027194561,0.9696829864796271,random_luck,Random / Luck,random_luck,Random / Luck
cand_trend_pullback_ema_rsi,Trend Pullback (EMA + RSI),pullback,False,QQQ,holdout,2021-02-02,2026-04-02,1298,22,0,22,4.2272727272727275,-0.0341329068981745,0.054324082577156124,0.04989502505072623,0.11741523239065327,-0.08845698947533062,-0.7533689426345006,0.7750449910017997,22.515496900619876,negative_skill,Negative Skill,5000,True,structure_preserving_random_timing,20342264,0.823635272945411,0.9696829864796271,negative_skill,Negative Skill,negative_skill,Negative Skill
cand_tsmom_12m_filter,TSMOM 12M + Trend Filter,time_series_momentum,False,QQQ,holdout,2021-02-02,2026-04-02,1298,46,0,46,11.608695652173912,0.2306432029991506,0.33869373924424645,0.30180309299811725,0.32055684973764864,-0.10805053624509586,-0.3370713691924755,0.595880823835233,40.43191361727654,random_luck,Random / Luck,5000,True,structure_preserving_random_timing,20318420,0.7583937757902965,0.9696829864796271,random_luck,Random / Luck,random_luck,Random / Luck
cand_ma_cross_50_200,50/200 Moving-Average Crossover,trend_following,False,QQQ,holdout,2021-02-02,2026-04-02,1298,1,0,1,18.0,0.045989447370380195,0.009367231179161198,0.01653362644222337,0.05336214333361687,0.036622216191219,0.6862958251556563,0.23815236952609478,76.20475904819037,random_luck,Random / Luck,5000,True,structure_preserving_random_timing,20310987,0.679864027194561,0.9696829864796271,random_luck,Random / Luck,random_luck,Random / Luck
cand_vol_managed_momentum,Volatility-Managed Momentum,volatility_scaled_momentum,False,QQQ,holdout,2021-02-02,2026-04-02,1298,59,0,59,9.661016949152541,0.25222151340339255,0.3033357116293161,0.2534413308487003,0.3241857166479812,-0.05111419822592356,-0.15766949498711624,0.5018996200759848,49.83003399320136,random_luck,Random / Luck,5000,True,structure_preserving_random_timing,20334884,0.7583937757902965,0.9696829864796271,random_luck,Random / Luck,random_luck,Random / Luck
cand_breakout_20_volume,20-Day Breakout + Volume Confirmation,breakout,False,SPY,holdout,2019-11-08,2026-04-02,1607,19,0,19,14.578947368421053,0.08072809856500247,0.17262674026456692,0.1621420216335287,0.2003673440839166,-0.09189864169956445,-0.4586507952167896,0.668866226754649,33.13337332533493,random_luck,Random / Luck,5000,True,structure_preserving_random_timing,20325805,0.9580545429375663,0.9696829864796271,random_luck,Random / Luck,random_luck,Random / Luck
cand_donchian_55_breakout,Donchian 55-Day Breakout,breakout,False,SPY,holdout,2019-11-08,2026-04-02,1607,34,0,34,13.676470588235293,0.04861748418173468,0.32490451220133826,0.3082459470649991,0.2593473131863926,-0.2762870280196036,-1.065316716125131,0.8584283143371326,14.177164567086583,negative_skill,Negative Skill,5000,True,structure_preserving_random_timing,20333162,0.9580545429375663,0.9696829864796271,negative_skill,Negative Skill,negative_skill,Negative Skill
control_existing_validation,Control: Existing Validation Strategy,control,True,SPY,holdout,2019-11-08,2026-04-02,1607,36,0,36,10.583333333333334,0.06755788422936794,0.270804363485112,0.2553350276363353,0.24073100773394637,-0.20324647925574407,-0.8442887402372783,0.7906418716256749,20.955808838232354,negative_skill,Negative Skill,5000,True,structure_preserving_random_timing,20343501,0.9580545429375663,0.9696829864796271,negative_skill,Negative Skill,negative_skill,Negative Skill
control_random_baseline,Control: Random Baseline,control,True,SPY,holdout,2019-11-08,2026-04-02,1607,63,0,63,11.873015873015873,0.9153216802483785,0.4416654996563154,0.39933544343822025,0.3376693124031827,0.47365618059206305,1.4027220217942393,0.09338132373525294,90.68186362727455,weak_skill,Weak Skill,5000,True,structure_preserving_random_timing,20326984,0.9580545429375663,0.9696829864796271,random_luck,Random / Luck,random_luck,Random / Luck
cand_hybrid_trend_breakout_pullback,Hybrid Trend + Breakout/Pullback,hybrid,False,SPY,holdout,2019-11-08,2026-04-02,1607,45,0,45,14.022222222222222,0.272062317113975,0.4030749377796228,0.3737719023040317,0.309647689167494,-0.13101262066564778,-0.42310220695617945,0.6380723855228955,36.212757448510295,random_luck,Random / Luck,5000,True,structure_preserving_random_timing,20379658,0.9580545429375663,0.9696829864796271,random_luck,Random / Luck,random_luck,Random / Luck
cand_regime_filtered_momentum,Regime-Filtered Momentum,hybrid,False,SPY,holdout,2019-11-08,2026-04-02,1607,57,0,57,12.491228070175438,0.43266285579512626,0.5187259492682893,0.49371086255947505,0.3303284073686023,-0.08606309347316304,-0.2605379723734391,0.5720855828834233,42.811437712457504,random_luck,Random / Luck,5000,True,structure_preserving_random_timing,20352080,0.9580545429375663,0.9696829864796271,random_luck,Random / Luck,random_luck,Random / Luck
cand_mean_reversion_bbands,Bollinger Mean Reversion,mean_reversion,False,SPY,holdout,2019-11-08,2026-04-02,1607,4,0,4,4.5,-0.08677949418648517,0.007204981115205844,0.011157681101869276,0.052141745919816324,-0.09398447530169102,-1.8024804049757084,0.9614077184563088,3.8792241551689663,negative_skill,Negative Skill,5000,True,structure_preserving_random_timing,20338691,0.9614077184563088,1.0,negative_skill,Negative Skill,negative_skill,Negative Skill
cand_mean_reversion_zscore,Z-Score Mean Reversion (Calm Regime),mean_reversion,False,SPY,holdout,2019-11-08,2026-04-02,1607,1,0,1,8.0,0.013354044246452172,0.0046855065447327544,0.0075979330622449,0.030553520896965548,0.008668537701719417,0.283716489858959,0.3759248150369926,62.427514497100574,random_luck,Random / Luck,5000,True,structure_preserving_random_timing,20339625,0.9580545429375663,0.9696829864796271,random_luck,Random / Luck,random_luck,Random / Luck
cand_dual_momentum_trend_filter,Dual Momentum + Trend Filter,momentum,False,SPY,holdout,2019-11-08,2026-04-02,1607,119,0,119,7.840336134453781,0.6199235537266025,0.7071858520392273,0.6707655280857461,0.38606871464907105,-0.08726229831262489,-0.22602789348508753,0.5530893821235753,44.71105778844231,random_luck,Random / Luck,5000,True,structure_preserving_random_timing,20361058,0.9580545429375663,0.9696829864796271,random_luck,Random / Luck,random_luck,Random / Luck
cand_trend_pullback_adx,Trend Pullback (ADX Confirmed),pullback,False,SPY,holdout,2019-11-08,2026-04-02,1607,48,0,48,9.708333333333334,0.10283270901982355,0.2811516229912625,0.25928697016228097,0.2734574169700723,-0.17831891397143895,-0.652090244789208,0.7236552689462108,27.654469106178762,negative_skill,Negative Skill,5000,True,structure_preserving_random_timing,20326764,0.9580545429375663,0.9696829864796271,negative_skill,Negative Skill,negative_skill,Negative Skill
cand_trend_pullback_ema_rsi,Trend Pullback (EMA + RSI),pullback,False,SPY,holdout,2019-11-08,2026-04-02,1607,13,0,13,3.3846153846153846,-0.05734581135466861,0.024435647556525716,0.026254394402545893,0.06868330191871368,-0.08178145891119433,-1.1907036590637743,0.889622075584883,11.057788442311537,negative_skill,Negative Skill,5000,True,structure_preserving_random_timing,20342540,0.9580545429375663,0.9696829864796271,negative_skill,Negative Skill,negative_skill,Negative Skill
cand_tsmom_12m_filter,TSMOM 12M + Trend Filter,time_series_momentum,False,SPY,holdout,2019-11-08,2026-04-02,1607,47,0,47,17.106382978723403,0.6910619114710632,0.6180595967311321,0.5889370831095353,0.35985017101210737,0.07300231473993113,0.202868639841427,0.3847230553889222,61.54769046190762,random_luck,Random / Luck,5000,True,structure_preserving_random_timing,20318642,0.9580545429375663,0.9696829864796271,random_luck,Random / Luck,random_luck,Random / Luck
cand_ma_cross_50_200,50/200 Moving-Average Crossover,trend_following,False,SPY,holdout,2019-11-08,2026-04-02,1607,3,0,3,30.0,0.12482203417474572,0.05528538476173353,0.07663324593331092,0.14572106620524083,0.06953664941301219,0.4771900949110082,0.3395320935812837,66.06678664267147,random_luck,Random / Luck,5000,True,structure_preserving_random_timing,20311200,0.9580545429375663,0.9696829864796271,random_luck,Random / Luck,random_luck,Random / Luck
cand_vol_managed_momentum,Volatility-Managed Momentum,volatility_scaled_momentum,False,SPY,holdout,2019-11-08,2026-04-02,1607,62,0,62,13.016129032258064,0.4815866576503132,0.5726233876947101,0.5376246415585256,0.34097555113664163,-0.09103673004439689,-0.2669890252862003,0.5696860627874425,43.05138972205559,random_luck,Random / Luck,5000,True,structure_preserving_random_timing,20335142,0.9580545429375663,0.9696829864796271,random_luck,Random / Luck,random_luck,Random / Luck
cand_breakout_20_volume,20-Day Breakout + Volume Confirmation,breakout,False,BTC-USD,train,2015-08-02,2021-12-25,2338,53,0,53,10.584905660377359,23.333724212137927,4.330383741366685,2.8948561828607833,5.174059526718414,19.003340470771242,3.6728105605742587,0.018318068276436304,98.25145711906744,strong_skill,Strong Skill,1200,False,structure_preserving_random_timing,20328063,0.06411323896752706,0.3205661948376353,random_luck,Random / Luck,random_luck,Random / Luck
cand_donchian_55_breakout,Donchian 55-Day Breakout,breakout,False,BTC-USD,train,2015-08-02,2021-12-25,2338,49,0,49,10.979591836734693,6.2507703851416725,4.100409474087302,2.5491682899535517,5.093881218601487,2.1503609110543707,0.422145868498431,0.20982514571190675,79.1007493755204,random_luck,Random / Luck,1200,False,structure_preserving_random_timing,20335462,0.29375520399666943,0.9104481897269517,random_luck,Random / Luck,random_luck,Random / Luck
control_existing_validation,Control: Existing Validation Strategy,control,True,BTC-USD,train,2015-08-02,2021-12-25,2338,18,0,18,9.11111111111111,2.4355468737140145,0.5930951595591483,0.4292642442025676,0.9125479671467146,1.8424517141548662,2.0190190329563755,0.03413821815154038,96.66944213155703,strong_skill,Strong Skill,1200,False,structure_preserving_random_timing,20345843,0.07965584235359423,0.39827921176797115,random_luck,Random / Luck,random_luck,Random / Luck
control_random_baseline,Control: Random Baseline,control,True,BTC-USD,train,2015-08-02,2021-12-25,2338,87,0,87,12.551724137931034,33.64940528619361,12.289743352182848,7.487936482806716,15.33257141349628,21.359661934010767,1.3930906537444347,0.08326394671107411,91.75686927560366,weak_skill,Weak Skill,1200,False,structure_preserving_random_timing,20329242,0.1457119067443797,0.6476084744194652,weak_skill,Weak Skill,random_luck,Random / Luck
cand_hybrid_trend_breakout_pullback,Hybrid Trend + Breakout/Pullback,hybrid,False,BTC-USD,train,2015-08-02,2021-12-25,2338,61,0,61,11.0,14.216703302554588,8.065989027235085,4.313312744970599,14.56412937664303,6.150714275319503,0.42231939282162684,0.14238134887593673,85.8451290591174,random_luck,Random / Luck,1200,False,structure_preserving_random_timing,20382168,0.22148209825145715,0.7666688016396593,random_luck,Random / Luck,random_luck,Random / Luck
cand_regime_filtered_momentum,Regime-Filtered Momentum,hybrid,False,BTC-USD,train,2015-08-02,2021-12-25,2338,67,0,67,7.17910447761194,16.55038287225748,3.055702042987684,1.8759116632487838,3.9243228214231873,13.494680829269795,3.438728525492671,0.01665278934221482,98.4179850124896,strong_skill,Strong Skill,1200,False,structure_preserving_random_timing,20354464,0.06411323896752706,0.3205661948376353,random_luck,Random / Luck,random_luck,Random / Luck
cand_mean_reversion_bbands,Bollinger Mean Reversion,mean_reversion,False,BTC-USD,train,2015-08-02,2021-12-25,2338,2,0,2,3.0,0.2881619147917303,0.016396669041749825,0.01641893250131854,0.09914196915270074,0.2717652457499805,2.7411725636738304,0.009159034138218152,99.16736053288926,strong_skill,Strong Skill,1200,False,structure_preserving_random_timing,20341012,0.06411323896752706,0.3205661948376353,random_luck,Random / Luck,random_luck,Random / Luck
cand_mean_reversion_zscore,Z-Score Mean Reversion (Calm Regime),mean_reversion,False,BTC-USD,train,2015-08-02,2021-12-25,2338,2,0,2,7.0,0.30070862218119454,0.03743563683653951,0.027930867954538287,0.1546192990123862,0.26327298534465504,1.70271749404041,0.05245628642797669,94.8376353039134,weak_skill,Weak Skill,1200,False,structure_preserving_random_timing,20341946,0.10491257285595337,0.5245628642797668,weak_skill,Weak Skill,random_luck,Random / Luck
cand_dual_momentum_trend_filter,Dual Momentum + Trend Filter,momentum,False,BTC-USD,train,2015-08-02,2021-12-25,2338,161,0,161,5.105590062111801,5.50390749258791,10.398100214462783,5.847385289671779,14.407643887366278,-4.894192721874873,-0.33969417623977194,0.5170691090757702,48.37635303913406,random_luck,Random / Luck,1200,False,structure_preserving_random_timing,20363484,0.5873310702619612,0.9104481897269517,random_luck,Random / Luck,random_luck,Random / Luck
cand_trend_pullback_adx,Trend Pullback (ADX Confirmed),pullback,False,BTC-USD,train,2015-08-02,2021-12-25,2338,40,0,40,10.025,0.42406950887467854,2.679938469683475,1.92563760396033,2.9492481365157617,-2.2558689608087965,-0.764896290982785,0.8126561199000832,18.817651956702747,negative_skill,Negative Skill,1200,False,structure_preserving_random_timing,20329022,0.8126561199000832,0.9270052733832918,negative_skill,Negative Skill,negative_skill,Negative Skill
cand_trend_pullback_ema_rsi,Trend Pullback (EMA + RSI),pullback,False,BTC-USD,train,2015-08-02,2021-12-25,2338,37,0,37,3.8378378378378377,0.5735462609507606,0.5502045187079045,0.4197017679506535,0.7352869850317961,0.023341742242856012,0.031745077388860135,0.3971690258118235,60.36636136552873,random_luck,Random / Luck,1200,False,structure_preserving_random_timing,20344882,0.5054878510332299,0.9104481897269517,random_luck,Random / Luck,random_luck,Random / Luck
cand_tsmom_12m_filter,TSMOM 12M + Trend Filter,time_series_momentum,False,BTC-USD,train,2015-08-02,2021-12-25,2338,80,0,80,9.15,32.87716434967509,7.813600043000925,4.638089554727834,9.60149731032033,25.063564306674166,2.610380807974,0.02997502081598668,97.0857618651124,strong_skill,Strong Skill,1200,False,structure_preserving_random_timing,20320858,0.07965584235359423,0.39827921176797115,random_luck,Random / Luck,random_luck,Random / Luck
cand_ma_cross_50_200,50/200 Moving-Average Crossover,trend_following,False,BTC-USD,train,2015-08-02,2021-12-25,2338,4,0,4,23.5,0.11990110962154883,0.3367172578425612,0.19707456040399077,0.6563707497611678,-0.21681614822101236,-0.33032573176044905,0.5453788509575354,45.54537885095753,random_luck,Random / Luck,1200,False,structure_preserving_random_timing,20313395,0.5873310702619612,0.9104481897269517,random_luck,Random / Luck,random_luck,Random / Luck
cand_vol_managed_momentum,Volatility-Managed Momentum,volatility_scaled_momentum,False,BTC-USD,train,2015-08-02,2021-12-25,2338,94,0,94,7.425531914893617,90.85097154219567,6.339203181126998,3.4979818018370077,8.638486719634134,84.51176836106866,9.78316817562324,0.0016652789342214821,99.91673605328893,strong_skill,Strong Skill,1200,False,structure_preserving_random_timing,20337442,0.02331390507910075,0.11656952539550375,strong_skill,Strong Skill,random_luck,Random / Luck
cand_breakout_20_volume,20-Day Breakout + Volume Confirmation,breakout,False,ES=F,train,2001-12-27,2016-07-01,3678,32,0,32,15.46875,0.275263307678518,0.12015838361321622,0.10923190331357943,0.2388725895301732,0.15510492406530174,0.6493207293912208,0.2331390507910075,76.76935886761032,random_luck,Random / Luck,1200,False,structure_preserving_random_timing,20319589,0.980849292256453,0.9104481897269517,random_luck,Random / Luck,random_luck,Random / Luck
cand_donchian_55_breakout,Donchian 55-Day Breakout,breakout,False,ES=F,train,2001-12-27,2016-07-01,3678,55,0,55,14.345454545454546,-0.08015339185016923,0.23422244227638137,0.20768767818163944,0.3234232116977085,-0.31437583412655057,-0.9720261958822728,0.8343047460449625,16.65278934221482,negative_skill,Negative Skill,1200,False,structure_preserving_random_timing,20326558,0.980849292256453,0.9270052733832918,negative_skill,Negative Skill,negative_skill,Negative Skill
control_existing_validation,Control: Existing Validation Strategy,control,True,ES=F,train,2001-12-27,2016-07-01,3678,75,0,75,14.346666666666666,0.034011735112034584,0.2987860101569942,0.25418459608021804,0.36785680817754396,-0.2647742750449596,-0.7197753831354069,0.7485428809325562,25.228975853455456,negative_skill,Negative Skill,1200,False,structure_preserving_random_timing,20336509,0.980849292256453,0.9104481897269517,negative_skill,Negative Skill,negative_skill,Negative Skill
control_random_baseline,Control: Random Baseline,control,True,ES=F,train,2001-12-27,2016-07-01,3678,152,0,152,12.236842105263158,-0.05496871074666517,0.3703954593759785,0.2998849924760757,0.4696664354324868,-0.42536417012264366,-0.9056729159939906,0.8268109908409659,17.402164862614487,negative_skill,Negative Skill,1200,False,structure_preserving_random_timing,20320768,0.980849292256453,0.9270052733832918,negative_skill,Negative Skill,negative_skill,Negative Skill
cand_hybrid_trend_breakout_pullback,Hybrid Trend + Breakout/Pullback,hybrid,False,ES=F,train,2001-12-27,2016-07-01,3678,97,0,97,12.938144329896907,0.06362068669860617,0.29887610429272965,0.2220677205947141,0.4222926206073843,-0.2352554175941235,-0.557090998312391,0.6810990840965861,31.973355537052456,random_luck,Random / Luck,1200,False,structure_preserving_random_timing,20371114,0.980849292256453,0.9104481897269517,random_luck,Random / Luck,random_luck,Random / Luck
cand_regime_filtered_momentum,Regime-Filtered Momentum,hybrid,False,ES=F,train,2001-12-27,2016-07-01,3678,128,0,128,11.640625,0.02922582256747113,0.2890720518514709,0.22934267846137174,0.40882064347831615,-0.25984622928399975,-0.6355995799849623,0.7102414654454621,29.059117402164862,negative_skill,Negative Skill,1200,False,structure_preserving_random_timing,20344700,0.980849292256453,0.9104481897269517,negative_skill,Negative Skill,negative_skill,Negative Skill
cand_mean_reversion_bbands,Bollinger Mean Reversion,mean_reversion,False,ES=F,train,2001-12-27,2016-07-01,3678,4,0,4,3.75,-0.09415563058057498,0.0028184332839122643,0.0034091850742889677,0.04396062613122703,-0.09697406386448724,-2.2059299968796986,0.980849292256453,1.9983347210657785,negative_skill,Negative Skill,1200,False,structure_preserving_random_timing,20331893,0.980849292256453,1.0,negative_skill,Negative Skill,negative_skill,Negative Skill
cand_mean_reversion_zscore,Z-Score Mean Reversion (Calm Regime),mean_reversion,False,ES=F,train,2001-12-27,2016-07-01,3678,13,0,13,4.076923076923077,-0.02807348071225511,0.005413301169626798,0.00870170694927417,0.0764705589770673,-0.03348678188188191,-0.4379042383085527,0.6969192339716903,30.39134054954205,random_luck,Random / Luck,1200,False,structure_preserving_random_timing,20332827,0.980849292256453,0.9104481897269517,random_luck,Random / Luck,random_luck,Random / Luck
cand_dual_momentum_trend_filter,Dual Momentum + Trend Filter,momentum,False,ES=F,train,2001-12-27,2016-07-01,3678,270,1,269,6.591078066914498,-0.24418820222473336,0.38928253964716464,0.2957653063467831,0.4706348841942843,-0.633470741871898,-1.3459918997640492,0.9616985845129059,3.913405495420483,negative_skill,Negative Skill,1200,False,structure_preserving_random_timing,20353290,0.980849292256453,1.0,negative_skill,Negative Skill,negative_skill,Negative Skill
cand_trend_pullback_adx,Trend Pullback (ADX Confirmed),pullback,False,ES=F,train,2001-12-27,2016-07-01,3678,88,0,88,13.113636363636363,0.14810756738392153,0.32646428991443976,0.2830055083214008,0.38839853704030464,-0.17835672253051824,-0.45921059304095657,0.6361365528726062,36.46960865945046,random_luck,Random / Luck,1200,False,structure_preserving_random_timing,20320548,0.980849292256453,0.9104481897269517,random_luck,Random / Luck,random_luck,Random / Luck
cand_trend_pullback_ema_rsi,Trend Pullback (EMA + RSI),pullback,False,ES=F,train,2001-12-27,2016-07-01,3678,71,0,71,5.422535211267606,-0.003375701050845913,0.07598174389937538,0.0697379789818041,0.20217168744438313,-0.0793574449502213,-0.3925250165013947,0.6436303080766028,35.72023313905079,random_luck,Random / Luck,1200,False,structure_preserving_random_timing,20335548,0.980849292256453,0.9104481897269517,random_luck,Random / Luck,random_luck,Random / Luck
cand_tsmom_12m_filter,TSMOM 12M + Trend Filter,time_series_momentum,False,ES=F,train,2001-12-27,2016-07-01,3678,114,0,114,13.543859649122806,-0.09731824782101606,0.4333012970196111,0.3474174564592972,0.44608693026622703,-0.5306195448406272,-1.1894980750141024,0.9142381348875936,8.659450457951708,negative_skill,Negative Skill,1200,False,structure_preserving_random_timing,20312814,0.980849292256453,0.9696465066989629,negative_skill,Negative Skill,negative_skill,Negative Skill
cand_ma_cross_50_200,50/200 Moving-Average Crossover,trend_following,False,ES=F,train,2001-12-27,2016-07-01,3678,6,0,6,22.0,0.16390356614040003,0.043872783571528955,0.04371086938586148,0.11140152895416601,0.12003078256887106,1.0774608184978807,0.1298917568692756,87.0940882597835,weak_skill,Weak Skill,1200,False,structure_preserving_random_timing,20305566,0.980849292256453,0.7666688016396593,random_luck,Random / Luck,random_luck,Random / Luck
cand_vol_managed_momentum,Volatility-Managed Momentum,volatility_scaled_momentum,False,ES=F,train,2001-12-27,2016-07-01,3678,126,0,126,12.055555555555555,-0.09342417663365075,0.36071519492357546,0.3039312356407314,0.44057678046385007,-0.4541393715572262,-1.0307837173786079,0.8592839300582847,14.154870940882597,negative_skill,Negative Skill,1200,False,structure_preserving_random_timing,20328538,0.980849292256453,0.9398417985012489,negative_skill,Negative Skill,negative_skill,Negative Skill
cand_breakout_20_volume,20-Day Breakout + Volume Confirmation,breakout,False,EURUSD=X,train,2005-02-21,2017-10-30,3285,0,0,0,,0.0,0.0,0.0,0.0,0.0,0.0,1.0,100.0,no_trades,No Trades,1200,False,structure_preserving_random_timing,20332446,1.0,1.0,no_trades,No Trades,no_trades,No Trades
cand_donchian_55_breakout,Donchian 55-Day Breakout,breakout,False,EURUSD=X,train,2005-02-21,2017-10-30,3285,33,0,33,12.090909090909092,-0.07205684672157965,-0.01459710099720497,-0.018918114166776703,0.11249935856754745,-0.05745974572437468,-0.5107562074665021,0.6869275603663614,31.390507910074938,random_luck,Random / Luck,1200,False,structure_preserving_random_timing,20340091,0.78998270671876,0.9104481897269517,random_luck,Random / Luck,random_luck,Random / Luck
control_existing_validation,Control: Existing Validation Strategy,control,True,EURUSD=X,train,2005-02-21,2017-10-30,3285,58,0,58,10.655172413793103,0.12369898849543298,-0.023157084309968302,-0.03731590982143937,0.1401505572948157,0.14685607280540128,1.0478450863130004,0.13905079100749376,86.17818484596171,weak_skill,Weak Skill,1200,False,structure_preserving_random_timing,20350718,0.6489036913683043,0.7666688016396593,random_luck,Random / Luck,random_luck,Random / Luck
control_random_baseline,Control: Random Baseline,control,True,EURUSD=X,train,2005-02-21,2017-10-30,3285,124,0,124,12.443548387096774,-0.10318861733108646,-0.09099902057517567,-0.10742236014634243,0.17101191047540396,-0.01218959675591079,-0.07127922682124516,0.48626144879267275,51.4571190674438,random_luck,Random / Luck,1200,False,structure_preserving_random_timing,20333625,0.6807660283097419,0.9104481897269517,random_luck,Random / Luck,random_luck,Random / Luck
cand_hybrid_trend_breakout_pullback,Hybrid Trend + Breakout/Pullback,hybrid,False,EURUSD=X,train,2005-02-21,2017-10-30,3285,71,1,70,10.514285714285714,0.0239122420478494,-0.050150898444132334,-0.06463796357383574,0.14954459638607318,0.07406314049198173,0.49525788481702104,0.29725228975853457,70.35803497085762,random_luck,Random / Luck,1200,False,structure_preserving_random_timing,20388027,0.6717318900915904,0.9104481897269517,random_luck,Random / Luck,random_luck,Random / Luck
cand_regime_filtered_momentum,Regime-Filtered Momentum,hybrid,False,EURUSD=X,train,2005-02-21,2017-10-30,3285,113,1,112,7.1875,-0.019014822936731412,-0.054936156165603454,-0.06043984515245532,0.15756893092373972,0.035921333228872046,0.22797218346462775,0.38384679433805163,61.69858451290591,random_luck,Random / Luck,1200,False,structure_preserving_random_timing,20359585,0.6717318900915904,0.9104481897269517,random_luck,Random / Luck,random_luck,Random / Luck
cand_mean_reversion_bbands,Bollinger Mean Reversion,mean_reversion,False,EURUSD=X,train,2005-02-21,2017-10-30,3285,6,1,5,6.0,0.03622475547369553,-0.0041693638159534755,-0.006226986152170322,0.03519184932887291,0.040394119289649005,1.147825989823954,0.11990008326394672,88.0932556203164,weak_skill,Weak Skill,1200,False,structure_preserving_random_timing,20345764,0.6489036913683043,0.7666688016396593,random_luck,Random / Luck,random_luck,Random / Luck
cand_mean_reversion_zscore,Z-Score Mean Reversion (Calm Regime),mean_reversion,False,EURUSD=X,train,2005-02-21,2017-10-30,3285,27,1,26,6.538461538461538,-0.06088264473433944,-0.013967449538623186,-0.015871678803010332,0.0787850686189949,-0.046915195195716256,-0.5954833322872186,0.7335553705245629,26.72772689425479,negative_skill,Negative Skill,1200,False,structure_preserving_random_timing,20346698,0.78998270671876,0.9104481897269517,negative_skill,Negative Skill,negative_skill,Negative Skill
cand_dual_momentum_trend_filter,Dual Momentum + Trend Filter,momentum,False,EURUSD=X,train,2005-02-21,2017-10-30,3285,178,1,177,5.6440677966101696,0.1340134070292269,-0.09933579872202832,-0.11209696921087227,0.1604477442509677,0.23334920575125523,1.4543626452376743,0.07826810990840966,92.2564529558701,weak_skill,Weak Skill,1200,False,structure_preserving_random_timing,20368851,0.6489036913683043,0.6476084744194652,random_luck,Random / Luck,random_luck,Random / Luck
cand_trend_pullback_adx,Trend Pullback (ADX Confirmed),pullback,False,EURUSD=X,train,2005-02-21,2017-10-30,3285,54,0,54,13.0,0.016645802904622035,-0.023808206814412133,-0.028701224011328554,0.1410047841276869,0.040454009719034165,0.28689813589871555,0.3671940049958368,63.363863447127386,random_luck,Random / Luck,1200,False,structure_preserving_random_timing,20333405,0.6717318900915904,0.9104481897269517,random_luck,Random / Luck,random_luck,Random / Luck
cand_trend_pullback_ema_rsi,Trend Pullback (EMA + RSI),pullback,False,EURUSD=X,train,2005-02-21,2017-10-30,3285,53,1,52,4.269230769230769,-0.006231243158960381,-0.026633693565409036,-0.03216684407983632,0.09275725874933813,0.020402450406448655,0.21995529710060818,0.37385512073272276,62.697751873438804,random_luck,Random / Luck,1200,False,structure_preserving_random_timing,20349757,0.6717318900915904,0.9104481897269517,random_luck,Random / Luck,random_luck,Random / Luck
cand_tsmom_12m_filter,TSMOM 12M + Trend Filter,time_series_momentum,False,EURUSD=X,train,2005-02-21,2017-10-30,3285,69,2,67,11.865671641791044,-0.05109124093368211,-0.040852094968083265,-0.058213206370042986,0.15170193903225812,-0.010239145965598842,-0.06749515550636155,0.48209825145711904,51.873438800999175,random_luck,Random / Luck,1200,False,structure_preserving_random_timing,20324995,0.6807660283097419,0.9104481897269517,random_luck,Random / Luck,random_luck,Random / Luck
cand_ma_cross_50_200,50/200 Moving-Average Crossover,trend_following,False,EURUSD=X,train,2005-02-21,2017-10-30,3285,9,0,9,28.555555555555557,0.033378014664394516,0.00029971336969577324,0.0015822352656117951,0.09250534017269953,0.03307830129469874,0.3575826134247428,0.373022481265612,62.781015820149875,random_luck,Random / Luck,1200,False,structure_preserving_random_timing,20317409,0.6717318900915904,0.9104481897269517,random_luck,Random / Luck,random_luck,Random / Luck
cand_vol_managed_momentum,Volatility-Managed Momentum,volatility_scaled_momentum,False,EURUSD=X,train,2005-02-21,2017-10-30,3285,111,1,110,8.327272727272728,-0.10692375498640862,-0.06438626611704089,-0.07741313198314334,0.15577112187145656,-0.04253748886936773,-0.2730768601928024,0.5770191507077436,42.38134887593672,random_luck,Random / Luck,1200,False,structure_preserving_random_timing,20342071,0.7343880099916738,0.9104481897269517,random_luck,Random / Luck,random_luck,Random / Luck
cand_breakout_20_volume,20-Day Breakout + Volume Confirmation,breakout,False,QQQ,train,2000-06-13,2015-12-03,3894,42,0,42,12.571428571428571,-0.07343856526967063,0.13722345535470276,0.09465012293443886,0.35713656476897204,-0.2106620206243734,-0.5898640503546548,0.6894254787676936,31.140716069941714,random_luck,Random / Luck,1200,False,structure_preserving_random_timing,20317751,0.7424582079036699,0.9104481897269517,random_luck,Random / Luck,random_luck,Random / Luck
cand_donchian_55_breakout,Donchian 55-Day Breakout,breakout,False,QQQ,train,2000-06-13,2015-12-03,3894,63,0,63,14.26984126984127,-0.0012542326433954405,0.2709263088149532,0.1991748087459781,0.5024000489481325,-0.27218054145834863,-0.5417605791006768,0.6810990840965861,31.973355537052456,random_luck,Random / Luck,1200,False,structure_preserving_random_timing,20324640,0.7424582079036699,0.9104481897269517,random_luck,Random / Luck,random_luck,Random / Luck
control_existing_validation,Control: Existing Validation Strategy,control,True,QQQ,train,2000-06-13,2015-12-03,3894,57,0,57,10.157894736842104,-0.00402754970179712,-0.03171541589531432,-0.0947706490478531,0.38665773366711964,0.0276878661935172,0.07160820483511696,0.40882597835137385,59.20066611157368,random_luck,Random / Luck,1200,False,structure_preserving_random_timing,20334511,0.7424582079036699,0.9104481897269517,random_luck,Random / Luck,random_luck,Random / Luck
control_random_baseline,Control: Random Baseline,control,True,QQQ,train,2000-06-13,2015-12-03,3894,157,0,157,12.566878980891719,0.583559793354268,0.19791805911834506,0.053655439600850834,0.6409877734590703,0.38564173423592296,0.6016366461326079,0.21149042464612822,78.93422148209825,random_luck,Random / Luck,1200,False,structure_preserving_random_timing,20318930,0.7424582079036699,0.9104481897269517,random_luck,Random / Luck,random_luck,Random / Luck
cand_hybrid_trend_breakout_pullback,Hybrid Trend + Breakout/Pullback,hybrid,False,QQQ,train,2000-06-13,2015-12-03,3894,88,0,88,14.329545454545455,0.08954196850655943,0.4206896493274381,0.29873881994296075,0.7017605973106767,-0.33114768082087864,-0.47188126846950357,0.6153205661948377,38.55120732722731,random_luck,Random / Luck,1200,False,structure_preserving_random_timing,20368796,0.7424582079036699,0.9104481897269517,random_luck,Random / Luck,random_luck,Random / Luck
cand_regime_filtered_momentum,Regime-Filtered Momentum,hybrid,False,QQQ,train,2000-06-13,2015-12-03,3894,162,0,162,9.808641975308642,0.7658019049807651,0.3080706547923367,0.16413238578229128,0.6500264744067535,0.45773125018842836,0.7041732424916641,0.208992506244796,79.18401332223148,random_luck,Random / Luck,1200,False,structure_preserving_random_timing,20342622,0.7424582079036699,0.9104481897269517,random_luck,Random / Luck,random_luck,Random / Luck
cand_mean_reversion_bbands,Bollinger Mean Reversion,mean_reversion,False,QQQ,train,2000-06-13,2015-12-03,3894,6,0,6,4.666666666666667,-0.12100768311902547,-0.0025320833178053763,-0.0035900526477671913,0.08969437205204349,-0.1184755998012201,-1.3208810886426279,0.9109075770191507,8.992506244796003,negative_skill,Negative Skill,1200,False,structure_preserving_random_timing,20329935,0.9109075770191507,0.9696465066989629,negative_skill,Negative Skill,negative_skill,Negative Skill
cand_mean_reversion_zscore,Z-Score Mean Reversion (Calm Regime),mean_reversion,False,QQQ,train,2000-06-13,2015-12-03,3894,24,0,24,5.041666666666667,-0.05698729586573801,-0.021744844219174896,-0.032367495404001814,0.18884429503518183,-0.03524245164656312,-0.1866217438022018,0.5520399666944213,44.879267277268944,random_luck,Random / Luck,1200,False,structure_preserving_random_timing,20330869,0.7424582079036699,0.9104481897269517,random_luck,Random / Luck,random_luck,Random / Luck
cand_dual_momentum_trend_filter,Dual Momentum + Trend Filter,momentum,False,QQQ,train,2000-06-13,2015-12-03,3894,281,0,281,6.192170818505338,0.21942594865229115,0.5761244193776939,0.4407284872862839,0.8112412163814158,-0.3566984707254027,-0.4396947091969452,0.6036636136552873,39.71690258118235,random_luck,Random / Luck,1200,False,structure_preserving_random_timing,20351132,0.7424582079036699,0.9104481897269517,random_luck,Random / Luck,random_luck,Random / Luck
cand_trend_pullback_adx,Trend Pullback (ADX Confirmed),pullback,False,QQQ,train,2000-06-13,2015-12-03,3894,86,0,86,9.186046511627907,0.022032929954359445,0.21961862810854582,0.14259503165876414,0.4636728215435076,-0.19758569815418636,-0.4261317225720688,0.6128226477935054,38.80099916736054,random_luck,Random / Luck,1200,False,structure_preserving_random_timing,20318710,0.7424582079036699,0.9104481897269517,random_luck,Random / Luck,random_luck,Random / Luck
cand_trend_pullback_ema_rsi,Trend Pullback (EMA + RSI),pullback,False,QQQ,train,2000-06-13,2015-12-03,3894,72,0,72,4.041666666666667,-0.11441233761444053,0.022989313063655398,0.005605462458193558,0.2879395923898425,-0.13740165067809593,-0.47718915463375144,0.6652789342214821,33.55537052456287,random_luck,Random / Luck,1200,False,structure_preserving_random_timing,20333550,0.7424582079036699,0.9104481897269517,random_luck,Random / Luck,random_luck,Random / Luck
cand_tsmom_12m_filter,TSMOM 12M + Trend Filter,time_series_momentum,False,QQQ,train,2000-06-13,2015-12-03,3894,119,0,119,12.630252100840336,0.41438560428944526,0.5210343447599085,0.3763073627123349,0.8157648934144972,-0.10664874047046324,-0.13073465324558176,0.47960033305578686,52.12323064113239,random_luck,Random / Luck,1200,False,structure_preserving_random_timing,20311056,0.7424582079036699,0.9104481897269517,random_luck,Random / Luck,random_luck,Random / Luck
cand_ma_cross_50_200,50/200 Moving-Average Crossover,trend_following,False,QQQ,train,2000-06-13,2015-12-03,3894,8,0,8,26.625,0.133102982851673,0.08029730241459919,0.0790758954008551,0.19787681379676333,0.0528056804370738,0.26686138423125116,0.38218151540383016,61.86511240632806,random_luck,Random / Luck,1200,False,structure_preserving_random_timing,20303848,0.7424582079036699,0.9104481897269517,random_luck,Random / Luck,random_luck,Random / Luck
cand_vol_managed_momentum,Volatility-Managed Momentum,volatility_scaled_momentum,False,QQQ,train,2000-06-13,2015-12-03,3894,130,0,130,11.807692307692308,0.6524847914404492,0.5042065134628454,0.3803717547366118,0.7723936946404121,0.14827827797760385,0.19197240863888046,0.3638634471273938,63.69691923397169,random_luck,Random / Luck,1200,False,structure_preserving_random_timing,20326620,0.7424582079036699,0.9104481897269517,random_luck,Random / Luck,random_luck,Random / Luck
cand_breakout_20_volume,20-Day Breakout + Volume Confirmation,breakout,False,SPY,train,1994-05-05,2013-06-24,4819,48,0,48,15.375,0.34063957719309856,0.28600983794662216,0.2426969934251063,0.36619223025981285,0.054629739246476405,0.1491832287313051,0.37968359700249793,62.11490424646128,random_luck,Random / Luck,1200,False,structure_preserving_random_timing,20317991,0.8635111765836162,0.9104481897269517,random_luck,Random / Luck,random_luck,Random / Luck
cand_donchian_55_breakout,Donchian 55-Day Breakout,breakout,False,SPY,train,1994-05-05,2013-06-24,4819,78,0,78,14.512820512820513,0.27040483863273657,0.5579533236386237,0.49438524481655877,0.514329343211725,-0.28754848500588714,-0.5590746256285772,0.6769358867610324,32.389675270607825,random_luck,Random / Luck,1200,False,structure_preserving_random_timing,20324898,0.8635111765836162,0.9104481897269517,random_luck,Random / Luck,random_luck,Random / Luck
control_existing_validation,Control: Existing Validation Strategy,control,True,SPY,train,1994-05-05,2013-06-24,4819,96,0,96,12.291666666666666,0.19474734783889008,0.4923223348839978,0.4279254156689749,0.5088913660211566,-0.2975749870451077,-0.5847514949442792,0.6985845129059117,30.224812656119898,random_luck,Random / Luck,1200,False,structure_preserving_random_timing,20334787,0.8635111765836162,0.9104481897269517,random_luck,Random / Luck,random_luck,Random / Luck
control_random_baseline,Control: Random Baseline,control,True,SPY,train,1994-05-05,2013-06-24,4819,181,0,181,12.12707182320442,1.3724271941632011,1.0259686095107226,0.8726213757290134,0.8699398689316451,0.3464585846524786,0.3982557841359278,0.2597835137385512,74.10491257285595,random_luck,Random / Luck,1200,False,structure_preserving_random_timing,20319170,0.8635111765836162,0.9104481897269517,random_luck,Random / Luck,random_luck,Random / Luck
cand_hybrid_trend_breakout_pullback,Hybrid Trend + Breakout/Pullback,hybrid,False,SPY,train,1994-05-05,2013-06-24,4819,114,0,114,14.710526315789474,0.20624626737270665,0.7686175723707425,0.6562654341855365,0.6660793806095766,-0.5623713049980358,-0.8443007265641068,0.8018318068276437,19.900083263946712,negative_skill,Negative Skill,1200,False,structure_preserving_random_timing,20369144,0.8635111765836162,0.9270052733832918,negative_skill,Negative Skill,negative_skill,Negative Skill
cand_regime_filtered_momentum,Regime-Filtered Momentum,hybrid,False,SPY,train,1994-05-05,2013-06-24,4819,124,0,124,11.379032258064516,0.3364486206026308,0.47290454777598806,0.3976849928057019,0.511079540227565,-0.13645592717335725,-0.266995480023713,0.5528726061615321,44.79600333055787,random_luck,Random / Luck,1200,False,structure_preserving_random_timing,20342916,0.8635111765836162,0.9104481897269517,random_luck,Random / Luck,random_luck,Random / Luck
cand_mean_reversion_bbands,Bollinger Mean Reversion,mean_reversion,False,SPY,train,1994-05-05,2013-06-24,4819,7,0,7,6.285714285714286,-0.15105207040233412,0.012154176874142669,0.013502935773948174,0.07114693059416163,-0.16320624727647678,-2.293932372254294,0.9858451290591174,1.4987510407993339,negative_skill,Negative Skill,1200,False,structure_preserving_random_timing,20330202,0.9858451290591174,1.0,negative_skill,Negative Skill,negative_skill,Negative Skill
cand_mean_reversion_zscore,Z-Score Mean Reversion (Calm Regime),mean_reversion,False,SPY,train,1994-05-05,2013-06-24,4819,10,0,10,4.5,-0.04190579693323592,0.010476263151550905,0.013108877881588071,0.07344940259373518,-0.052382060084786825,-0.7131720372801877,0.7793505412156536,22.148209825145713,negative_skill,Negative Skill,1200,False,structure_preserving_random_timing,20331136,0.8635111765836162,0.9246531844931484,negative_skill,Negative Skill,negative_skill,Negative Skill
cand_dual_momentum_trend_filter,Dual Momentum + Trend Filter,momentum,False,SPY,train,1994-05-05,2013-06-24,4819,364,1,363,6.559228650137741,0.38904233727352405,1.0153317771089345,0.8434817215249413,0.8634931197748714,-0.6262894398354104,-0.7252975449285521,0.7543713572023314,24.646128226477934,negative_skill,Negative Skill,1200,False,structure_preserving_random_timing,20351444,0.8635111765836162,0.9104481897269517,negative_skill,Negative Skill,negative_skill,Negative Skill
cand_trend_pullback_adx,Trend Pullback (ADX Confirmed),pullback,False,SPY,train,1994-05-05,2013-06-24,4819,121,0,121,10.710743801652892,0.23567309797670938,0.5846093070850477,0.5100007062540564,0.5313255253383439,-0.3489362091083383,-0.6567277355744173,0.7218984179850125,27.893422148209822,negative_skill,Negative Skill,1200,False,structure_preserving_random_timing,20318950,0.8635111765836162,0.9104481897269517,negative_skill,Negative Skill,negative_skill,Negative Skill
cand_trend_pullback_ema_rsi,Trend Pullback (EMA + RSI),pullback,False,SPY,train,1994-05-05,2013-06-24,4819,69,0,69,4.594202898550725,0.18102278864952476,0.08468309574161842,0.07185415187079816,0.21292046753548194,0.09633969290790634,0.4524679755921159,0.3122398001665279,68.85928393005828,random_luck,Random / Luck,1200,False,structure_preserving_random_timing,20333826,0.8635111765836162,0.9104481897269517,random_luck,Random / Luck,random_luck,Random / Luck
cand_tsmom_12m_filter,TSMOM 12M + Trend Filter,time_series_momentum,False,SPY,train,1994-05-05,2013-06-24,4819,137,0,137,14.043795620437956,0.6871776345663945,0.9352746153864263,0.7837525442479135,0.8073185761480486,-0.24809698082003184,-0.3073098875090607,0.5462114904246461,45.46211490424646,random_luck,Random / Luck,1200,False,structure_preserving_random_timing,20311278,0.8635111765836162,0.9104481897269517,random_luck,Random / Luck,random_luck,Random / Luck
cand_ma_cross_50_200,50/200 Moving-Average Crossover,trend_following,False,SPY,train,1994-05-05,2013-06-24,4819,7,0,7,17.857142857142858,0.07113739022550324,0.02388381921504948,0.027177352416408163,0.1353119926831844,0.04725357101045376,0.3492193860531779,0.37385512073272276,62.697751873438804,random_luck,Random / Luck,1200,False,structure_preserving_random_timing,20304061,0.8635111765836162,0.9104481897269517,random_luck,Random / Luck,random_luck,Random / Luck
cand_vol_managed_momentum,Volatility-Managed Momentum,volatility_scaled_momentum,False,SPY,train,1994-05-05,2013-06-24,4819,161,0,161,12.074534161490684,0.7345023078260616,0.8992220543823136,0.7658626465633944,0.7543632847504724,-0.164719746556252,-0.21835599622367335,0.517901748542881,48.29308909242298,random_luck,Random / Luck,1200,False,structure_preserving_random_timing,20326878,0.8635111765836162,0.9104481897269517,random_luck,Random / Luck,random_luck,Random / Luck
cand_breakout_20_volume,20-Day Breakout + Volume Confirmation,breakout,False,BTC-USD,validation,2021-12-26,2024-02-12,779,15,0,15,8.666666666666666,0.09761042155811019,0.1045851896428395,0.06606323628147666,0.3288150909868793,-0.006974768084729313,-0.02121182474866285,0.46960865945045793,53.12239800166528,random_luck,Random / Luck,1200,False,structure_preserving_random_timing,20349147,0.597683748391492,1.0,random_luck,Random / Luck,random_luck,Random / Luck
cand_donchian_55_breakout,Donchian 55-Day Breakout,breakout,False,BTC-USD,validation,2021-12-26,2024-02-12,779,12,0,12,10.666666666666666,0.12822300060386832,0.01224235460860312,-0.021777012401662882,0.3174769071874086,0.1159806459952652,0.3653199441268372,0.34138218151540384,65.94504579517069,random_luck,Random / Luck,1200,False,structure_preserving_random_timing,20357596,0.597683748391492,1.0,random_luck,Random / Luck,random_luck,Random / Luck
control_existing_validation,Control: Existing Validation Strategy,control,True,BTC-USD,validation,2021-12-26,2024-02-12,779,4,0,4,9.0,0.061003118895771605,-0.004028465484368194,-0.0035892216461042986,0.18064519620043554,0.0650315843801398,0.35999620110564007,0.3447127393838468,65.61199000832639,random_luck,Random / Luck,1200,False,structure_preserving_random_timing,20369027,0.597683748391492,1.0,random_luck,Random / Luck,random_luck,Random / Luck
control_random_baseline,Control: Random Baseline,control,True,BTC-USD,validation,2021-12-26,2024-02-12,779,23,0,23,12.956521739130435,-0.3555754990605356,0.02586914775538946,-0.07487395436282007,0.46551884215598593,-0.38144464681592505,-0.8193967940144314,0.8193172356369692,18.151540383014154,negative_skill,Negative Skill,1200,False,structure_preserving_random_timing,20350326,0.8823416383782745,1.0,negative_skill,Negative Skill,negative_skill,Negative Skill
cand_hybrid_trend_breakout_pullback,Hybrid Trend + Breakout/Pullback,hybrid,False,BTC-USD,validation,2021-12-26,2024-02-12,779,13,0,13,11.538461538461538,0.1597595309371891,0.12758422688082155,0.09372704659795333,0.3796474098881417,0.03217530405636754,0.08475049010830228,0.4238134887593672,57.701915070774355,random_luck,Random / Luck,1200,False,structure_preserving_random_timing,20409552,0.597683748391492,1.0,random_luck,Random / Luck,random_luck,Random / Luck
cand_regime_filtered_momentum,Regime-Filtered Momentum,hybrid,False,BTC-USD,validation,2021-12-26,2024-02-12,779,25,0,25,6.24,0.12147157262487056,0.03199718222563053,-0.016660683704640827,0.34364909698105683,0.08947439039924003,0.26036556238694897,0.350541215653622,65.02914238134888,random_luck,Random / Luck,1200,False,structure_preserving_random_timing,20378698,0.597683748391492,1.0,random_luck,Random / Luck,random_luck,Random / Luck
cand_mean_reversion_bbands,Bollinger Mean Reversion,mean_reversion,False,BTC-USD,validation,2021-12-26,2024-02-12,779,0,0,0,,0.0,0.0,0.0,0.0,0.0,0.0,1.0,100.0,no_trades,No Trades,1200,False,structure_preserving_random_timing,20363671,1.0,1.0,no_trades,No Trades,no_trades,No Trades
cand_mean_reversion_zscore,Z-Score Mean Reversion (Calm Regime),mean_reversion,False,BTC-USD,validation,2021-12-26,2024-02-12,779,1,0,1,6.0,0.11351554547598719,0.003551344999855443,0.0030943545803357644,0.07058178666754224,0.10996420047613174,1.5579685024706227,0.06744379683597003,93.33888426311407,weak_skill,Weak Skill,1200,False,structure_preserving_random_timing,20364605,0.597683748391492,0.9442131557035804,random_luck,Random / Luck,random_luck,Random / Luck
cand_dual_momentum_trend_filter,Dual Momentum + Trend Filter,momentum,False,BTC-USD,validation,2021-12-26,2024-02-12,779,45,0,45,3.977777777777778,0.2749615229592785,0.15221432072833554,0.08888930323854112,0.44237103010022855,0.12274720223094296,0.2774756796418879,0.33971690258118237,66.11157368859284,random_luck,Random / Luck,1200,False,structure_preserving_random_timing,20388768,0.597683748391492,1.0,random_luck,Random / Luck,random_luck,Random / Luck
cand_trend_pullback_adx,Trend Pullback (ADX Confirmed),pullback,False,BTC-USD,validation,2021-12-26,2024-02-12,779,9,0,9,11.555555555555555,-0.07756222436555418,0.11132398949014886,0.06675080564530181,0.32128183898968465,-0.18888621385570303,-0.5879143821190826,0.697751873438801,30.308076602830976,random_luck,Random / Luck,1200,False,structure_preserving_random_timing,20350106,0.8140438523452679,1.0,random_luck,Random / Luck,random_luck,Random / Luck
cand_trend_pullback_ema_rsi,Trend Pullback (EMA + RSI),pullback,False,BTC-USD,validation,2021-12-26,2024-02-12,779,13,0,13,1.5384615384615385,0.08913594021979925,0.013637087935074312,0.011592538052095619,0.12076052381222831,0.07549885228472493,0.6251948062275617,0.2456286427976686,75.52039966694421,random_luck,Random / Luck,1200,False,structure_preserving_random_timing,20368066,0.597683748391492,1.0,random_luck,Random / Luck,random_luck,Random / Luck
cand_tsmom_12m_filter,TSMOM 12M + Trend Filter,time_series_momentum,False,BTC-USD,validation,2021-12-26,2024-02-12,779,14,0,14,10.928571428571429,0.3979680967098623,0.12249627069751184,0.08285168338020793,0.37016864959257056,0.27547182601235043,0.7441792445566391,0.2231473771856786,77.7685262281432,random_luck,Random / Luck,1200,False,structure_preserving_random_timing,20340892,0.597683748391492,1.0,random_luck,Random / Luck,random_luck,Random / Luck
cand_ma_cross_50_200,50/200 Moving-Average Crossover,trend_following,False,BTC-USD,validation,2021-12-26,2024-02-12,779,2,0,2,17.0,0.05055994331156658,0.057520221748390006,0.032963050061319714,0.15430443412389805,-0.006960278436823425,-0.0451074428051413,0.43463780183180684,56.61948376353039,random_luck,Random / Luck,1200,False,structure_preserving_random_timing,20332904,0.597683748391492,1.0,random_luck,Random / Luck,random_luck,Random / Luck
cand_vol_managed_momentum,Volatility-Managed Momentum,volatility_scaled_momentum,False,BTC-USD,validation,2021-12-26,2024-02-12,779,18,0,18,9.722222222222221,0.454255584444789,0.09138706810215444,0.02718635658816908,0.4070408784421632,0.3628685163426345,0.891479297439151,0.16736053288925895,83.34721065778517,weak_skill,Weak Skill,1200,False,structure_preserving_random_timing,20359576,0.597683748391492,1.0,random_luck,Random / Luck,random_luck,Random / Luck
cand_breakout_20_volume,20-Day Breakout + Volume Confirmation,breakout,False,ES=F,validation,2016-07-05,2021-05-19,1226,13,0,13,16.076923076923077,0.11013254028712571,0.14773289163324674,0.15039105460717858,0.14106647816041282,-0.037600351346121025,-0.26654348954089596,0.5970024979184013,40.38301415487094,random_luck,Random / Luck,1200,False,structure_preserving_random_timing,20339098,0.9475437135720233,1.0,random_luck,Random / Luck,random_luck,Random / Luck
cand_donchian_55_breakout,Donchian 55-Day Breakout,breakout,False,ES=F,validation,2016-07-05,2021-05-19,1226,22,0,22,16.681818181818183,0.06830702443368879,0.21620800510428353,0.21431506806657985,0.21527013308862122,-0.14790098067059476,-0.687048307856565,0.7477102414654455,25.31223980016653,negative_skill,Negative Skill,1200,False,structure_preserving_random_timing,20347117,0.9475437135720233,1.0,negative_skill,Negative Skill,negative_skill,Negative Skill
control_existing_validation,Control: Existing Validation Strategy,control,True,ES=F,validation,2016-07-05,2021-05-19,1226,29,0,29,17.896551724137932,0.39796937327632553,0.35835947487976905,0.34173647095774673,0.2501982099293368,0.03960989839655649,0.1583140758990381,0.414654454621149,58.61781848459617,random_luck,Random / Luck,1200,False,structure_preserving_random_timing,20358118,0.9475437135720233,1.0,random_luck,Random / Luck,random_luck,Random / Luck
control_random_baseline,Control: Random Baseline,control,True,ES=F,validation,2016-07-05,2021-05-19,1226,47,0,47,12.914893617021276,1.0055652896724971,0.4325629116347383,0.40891684356327473,0.2832170501925036,0.5730023780377589,2.0231916745417946,0.03996669442131557,96.08659450457951,strong_skill,Strong Skill,1200,False,structure_preserving_random_timing,20340277,0.559533721898418,0.9442131557035804,random_luck,Random / Luck,random_luck,Random / Luck
cand_hybrid_trend_breakout_pullback,Hybrid Trend + Breakout/Pullback,hybrid,False,ES=F,validation,2016-07-05,2021-05-19,1226,37,0,37,16.81081081081081,0.31393269066541446,0.4072833132268981,0.39496064908709366,0.2524923633719351,-0.09335062256148363,-0.36971661762289837,0.6211490424646128,37.96835970024979,random_luck,Random / Luck,1200,False,structure_preserving_random_timing,20396923,0.9475437135720233,1.0,random_luck,Random / Luck,random_luck,Random / Luck
cand_regime_filtered_momentum,Regime-Filtered Momentum,hybrid,False,ES=F,validation,2016-07-05,2021-05-19,1226,43,0,43,15.13953488372093,0.19500307802402847,0.46559633700165837,0.433908657839462,0.2909841825946633,-0.27059325897762987,-0.9299242885465094,0.8151540383014155,18.567860116569527,negative_skill,Negative Skill,1200,False,structure_preserving_random_timing,20367359,0.9475437135720233,1.0,negative_skill,Negative Skill,negative_skill,Negative Skill
cand_mean_reversion_bbands,Bollinger Mean Reversion,mean_reversion,False,ES=F,validation,2016-07-05,2021-05-19,1226,1,0,1,1.0,-0.010541765530547581,0.0003886990848141422,0.0004678876315145241,0.011483756395651943,-0.010930464615361724,-0.9518196170984862,0.9134054954204829,8.742714404662781,negative_skill,Negative Skill,1200,False,structure_preserving_random_timing,20352977,0.9475437135720233,1.0,negative_skill,Negative Skill,negative_skill,Negative Skill
cand_mean_reversion_zscore,Z-Score Mean Reversion (Calm Regime),mean_reversion,False,ES=F,validation,2016-07-05,2021-05-19,1226,1,0,1,5.0,0.011146407773664742,0.0016299360896425115,0.0031372664133897435,0.02533576709812811,0.00951647168402223,0.3756141129322798,0.2939217318900916,70.69109075770191,random_luck,Random / Luck,1200,False,structure_preserving_random_timing,20353911,0.9475437135720233,1.0,random_luck,Random / Luck,random_luck,Random / Luck
cand_dual_momentum_trend_filter,Dual Momentum + Trend Filter,momentum,False,ES=F,validation,2016-07-05,2021-05-19,1226,115,1,114,6.921052631578948,0.14603993971603513,0.5549892341775122,0.506630912489849,0.30639405647937973,-0.4089492944614771,-1.334716799537524,0.9475437135720233,5.328892589508743,negative_skill,Negative Skill,1200,False,structure_preserving_random_timing,20376999,0.9475437135720233,1.0,negative_skill,Negative Skill,negative_skill,Negative Skill
cand_trend_pullback_adx,Trend Pullback (ADX Confirmed),pullback,False,ES=F,validation,2016-07-05,2021-05-19,1226,34,0,34,14.529411764705882,0.18386417321167658,0.335736895524277,0.3282550271356029,0.2395603271672168,-0.1518727223126004,-0.6339644135090485,0.7318900915903414,26.894254787676935,negative_skill,Negative Skill,1200,False,structure_preserving_random_timing,20340057,0.9475437135720233,1.0,negative_skill,Negative Skill,negative_skill,Negative Skill
cand_trend_pullback_ema_rsi,Trend Pullback (EMA + RSI),pullback,False,ES=F,validation,2016-07-05,2021-05-19,1226,25,0,25,6.88,0.23872826534262936,0.11937218398885406,0.12723288029930147,0.14459662631173872,0.1193560813537753,0.8254416745274068,0.17985012489592006,82.09825145711906,weak_skill,Weak Skill,1200,False,structure_preserving_random_timing,20357157,0.9475437135720233,1.0,random_luck,Random / Luck,random_luck,Random / Luck
cand_tsmom_12m_filter,TSMOM 12M + Trend Filter,time_series_momentum,False,ES=F,validation,2016-07-05,2021-05-19,1226,39,0,39,18.435897435897434,0.2627070991123403,0.5303186269169435,0.5032856741849556,0.28783346463930465,-0.26761152780460323,-0.9297443163530609,0.8209825145711906,17.985012489592005,negative_skill,Negative Skill,1200,False,structure_preserving_random_timing,20331273,0.9475437135720233,1.0,negative_skill,Negative Skill,negative_skill,Negative Skill
cand_ma_cross_50_200,50/200 Moving-Average Crossover,trend_following,False,ES=F,validation,2016-07-05,2021-05-19,1226,2,0,2,31.0,0.07160364559350618,0.03232395512231445,0.04418678589767357,0.08467115117535426,0.03927969047119173,0.4639087803334969,0.2756036636136553,72.52289758534555,random_luck,Random / Luck,1200,False,structure_preserving_random_timing,20323500,0.9475437135720233,1.0,random_luck,Random / Luck,random_luck,Random / Luck
cand_vol_managed_momentum,Volatility-Managed Momentum,volatility_scaled_momentum,False,ES=F,validation,2016-07-05,2021-05-19,1226,53,0,53,13.150943396226415,0.17908018853274635,0.4732741890504578,0.4357802389615518,0.28850138759656024,-0.2941940005177115,-1.0197316656553201,0.8509575353871773,14.98751040799334,negative_skill,Negative Skill,1200,False,structure_preserving_random_timing,20349097,0.9475437135720233,1.0,negative_skill,Negative Skill,negative_skill,Negative Skill
cand_breakout_20_volume,20-Day Breakout + Volume Confirmation,breakout,False,EURUSD=X,validation,2017-10-31,2022-01-12,1095,0,0,0,,0.0,0.0,0.0,0.0,0.0,0.0,1.0,100.0,no_trades,No Trades,1200,False,structure_preserving_random_timing,20354055,1.0,1.0,no_trades,No Trades,no_trades,No Trades
cand_donchian_55_breakout,Donchian 55-Day Breakout,breakout,False,EURUSD=X,validation,2017-10-31,2022-01-12,1095,8,0,8,12.375,-0.016486475274319526,0.0013963090398770902,-0.0006043317783352366,0.04100500608369163,-0.017882784314196615,-0.4361122219491365,0.6619483763530392,33.88842631140716,random_luck,Random / Luck,1200,False,structure_preserving_random_timing,20362750,0.7722731057452124,1.0,random_luck,Random / Luck,random_luck,Random / Luck
control_existing_validation,Control: Existing Validation Strategy,control,True,EURUSD=X,validation,2017-10-31,2022-01-12,1095,14,0,14,9.5,0.012593596637717542,-0.023616701944228526,-0.02546531803201161,0.04023989023956656,0.03621029858194607,0.8998607691613849,0.16819317235636969,83.2639467110741,weak_skill,Weak Skill,1200,False,structure_preserving_random_timing,20374427,0.3924507354981959,1.0,random_luck,Random / Luck,random_luck,Random / Luck
control_random_baseline,Control: Random Baseline,control,True,EURUSD=X,validation,2017-10-31,2022-01-12,1095,45,0,45,12.2,-0.015930576421250883,-0.021026477455613885,-0.022260815281639805,0.06140431477737315,0.005095901034363002,0.08298929892530595,0.4529558701082431,54.787676935886765,random_luck,Random / Luck,1200,False,structure_preserving_random_timing,20355234,0.576489289228673,1.0,random_luck,Random / Luck,random_luck,Random / Luck
cand_hybrid_trend_breakout_pullback,Hybrid Trend + Breakout/Pullback,hybrid,False,EURUSD=X,validation,2017-10-31,2022-01-12,1095,17,0,17,9.764705882352942,0.03735661538820061,-0.0221202215520393,-0.02973072326649407,0.04869651509026541,0.05947683694023991,1.2213776864728771,0.11490424646128226,88.59283930058285,weak_skill,Weak Skill,1200,False,structure_preserving_random_timing,20415936,0.3543713572023314,1.0,random_luck,Random / Luck,random_luck,Random / Luck
cand_regime_filtered_momentum,Regime-Filtered Momentum,hybrid,False,EURUSD=X,validation,2017-10-31,2022-01-12,1095,44,0,44,6.681818181818182,-0.07021546711875642,-0.03280590132681915,-0.032110837534885514,0.053116681160723996,-0.03740956579193728,-0.7042903467319601,0.7468776019983348,25.3955037468776,negative_skill,Negative Skill,1200,False,structure_preserving_random_timing,20384344,0.8043297252289758,1.0,negative_skill,Negative Skill,negative_skill,Negative Skill
cand_mean_reversion_bbands,Bollinger Mean Reversion,mean_reversion,False,EURUSD=X,validation,2017-10-31,2022-01-12,1095,9,0,9,6.111111111111111,-0.0008573498491544937,-0.010990150539998397,-0.010837891633689912,0.026836768837877587,0.010132800690843904,0.37757156057261276,0.347210657785179,65.36219816819317,random_luck,Random / Luck,1200,False,structure_preserving_random_timing,20368948,0.5401054676658341,1.0,random_luck,Random / Luck,random_luck,Random / Luck
cand_mean_reversion_zscore,Z-Score Mean Reversion (Calm Regime),mean_reversion,False,EURUSD=X,validation,2017-10-31,2022-01-12,1095,23,1,22,7.0,0.05494160597181366,-0.021246274899105022,-0.02160772912267771,0.04653739185155159,0.07618788087091868,1.6371325903683733,0.05995004163197336,94.08825978351373,weak_skill,Weak Skill,1200,False,structure_preserving_random_timing,20369882,0.3543713572023314,0.9442131557035804,random_luck,Random / Luck,random_luck,Random / Luck
cand_dual_momentum_trend_filter,Dual Momentum + Trend Filter,momentum,False,EURUSD=X,validation,2017-10-31,2022-01-12,1095,50,0,50,5.72,0.029052258073771202,-0.06285291708856838,-0.0743935532673079,0.06327865671149287,0.09190517516233959,1.452388213317548,0.10324729392173189,89.75853455453789,weak_skill,Weak Skill,1200,False,structure_preserving_random_timing,20394660,0.3543713572023314,1.0,random_luck,Random / Luck,random_luck,Random / Luck
cand_trend_pullback_adx,Trend Pullback (ADX Confirmed),pullback,False,EURUSD=X,validation,2017-10-31,2022-01-12,1095,10,0,10,16.3,0.0037366448096806046,-0.02705247459260817,-0.03300353983697536,0.04467403481696923,0.030789119402288775,0.689194954707643,0.22231473771856786,77.85179017485429,random_luck,Random / Luck,1200,False,structure_preserving_random_timing,20355014,0.4138218151540383,1.0,random_luck,Random / Luck,random_luck,Random / Luck
cand_trend_pullback_ema_rsi,Trend Pullback (EMA + RSI),pullback,False,EURUSD=X,validation,2017-10-31,2022-01-12,1095,10,0,10,4.9,0.017587332394940643,-0.01903810568314143,-0.019769763925857428,0.020556544433807344,0.03662543807808207,1.7816923557369782,0.04579517069109076,95.503746877602,moderate_skill,Moderate Skill,1200,False,structure_preserving_random_timing,20373466,0.3543713572023314,0.9442131557035804,random_luck,Random / Luck,random_luck,Random / Luck
cand_tsmom_12m_filter,TSMOM 12M + Trend Filter,time_series_momentum,False,EURUSD=X,validation,2017-10-31,2022-01-12,1095,19,0,19,11.894736842105264,0.0269610019564261,-0.0347365982136425,-0.04074685989805993,0.0533512236938133,0.0616976001700686,1.1564420813317382,0.12656119900083265,87.42714404662782,weak_skill,Weak Skill,1200,False,structure_preserving_random_timing,20345554,0.3543713572023314,1.0,random_luck,Random / Luck,random_luck,Random / Luck
cand_ma_cross_50_200,50/200 Moving-Average Crossover,trend_following,False,EURUSD=X,validation,2017-10-31,2022-01-12,1095,2,0,2,20.0,0.003536035932478375,-0.0005949551518527585,-0.0016165595882813256,0.02045143856539075,0.004130991084331134,0.20199024489758213,0.4029975020815987,59.78351373855121,random_luck,Random / Luck,1200,False,structure_preserving_random_timing,20337443,0.5641965029142382,1.0,random_luck,Random / Luck,random_luck,Random / Luck
cand_vol_managed_momentum,Volatility-Managed Momentum,volatility_scaled_momentum,False,EURUSD=X,validation,2017-10-31,2022-01-12,1095,27,0,27,9.148148148148149,0.003124960314536177,-0.03326237146002244,-0.03792439402690351,0.05299536396099144,0.03638733177455862,0.6866134894618786,0.23646960865945046,76.43630308076604,random_luck,Random / Luck,1200,False,structure_preserving_random_timing,20364730,0.4138218151540383,1.0,random_luck,Random / Luck,random_luck,Random / Luck
cand_breakout_20_volume,20-Day Breakout + Volume Confirmation,breakout,False,QQQ,validation,2015-12-04,2021-02-01,1298,20,0,20,13.4,-0.06201280411397658,0.2638960804520166,0.2523977099451006,0.22234924548618917,-0.3259088845659932,-1.465752149746946,0.9350541215653622,6.577851790174854,negative_skill,Negative Skill,1200,False,structure_preserving_random_timing,20336735,0.9350541215653622,1.0,negative_skill,Negative Skill,negative_skill,Negative Skill
cand_donchian_55_breakout,Donchian 55-Day Breakout,breakout,False,QQQ,validation,2015-12-04,2021-02-01,1298,35,0,35,12.257142857142858,0.11300301444195138,0.48518266241539965,0.46623096947407466,0.30002162309140945,-0.37217964797344827,-1.2405094144166202,0.8992506244796004,10.15820149875104,negative_skill,Negative Skill,1200,False,structure_preserving_random_timing,20344674,0.9350541215653622,1.0,negative_skill,Negative Skill,negative_skill,Negative Skill
control_existing_validation,Control: Existing Validation Strategy,control,True,QQQ,validation,2015-12-04,2021-02-01,1298,24,0,24,14.208333333333334,0.24691670843263222,0.3736728267803927,0.35090952987485136,0.25398349092982003,-0.1267561183477605,-0.4990722738856494,0.6611157368859284,33.97169025811824,random_luck,Random / Luck,1200,False,structure_preserving_random_timing,20355595,0.9350541215653622,1.0,random_luck,Random / Luck,random_luck,Random / Luck
control_random_baseline,Control: Random Baseline,control,True,QQQ,validation,2015-12-04,2021-02-01,1298,50,0,50,13.3,0.7783791952035529,0.7312415680732742,0.6923166999079017,0.37967757198429763,0.04713762713027869,0.12415172927893715,0.4138218151540383,58.70108243130724,random_luck,Random / Luck,1200,False,structure_preserving_random_timing,20337914,0.9350541215653622,1.0,random_luck,Random / Luck,random_luck,Random / Luck
cand_hybrid_trend_breakout_pullback,Hybrid Trend + Breakout/Pullback,hybrid,False,QQQ,validation,2015-12-04,2021-02-01,1298,38,0,38,15.447368421052632,0.3312626052595313,0.5824060836054341,0.5459426281385259,0.33341131806349206,-0.25114347834590284,-0.7532542080592393,0.7643630308076603,23.646960865945047,negative_skill,Negative Skill,1200,False,structure_preserving_random_timing,20394080,0.9350541215653622,1.0,negative_skill,Negative Skill,negative_skill,Negative Skill
cand_regime_filtered_momentum,Regime-Filtered Momentum,hybrid,False,QQQ,validation,2015-12-04,2021-02-01,1298,54,0,54,11.74074074074074,0.4589363010788697,0.7226805250602489,0.6876768733477922,0.3839131560332065,-0.26374422398137926,-0.6869892834789093,0.7352206494587843,26.56119900083264,negative_skill,Negative Skill,1200,False,structure_preserving_random_timing,20364756,0.9350541215653622,1.0,negative_skill,Negative Skill,negative_skill,Negative Skill
cand_mean_reversion_bbands,Bollinger Mean Reversion,mean_reversion,False,QQQ,validation,2015-12-04,2021-02-01,1298,1,0,1,5.0,-0.030385828660026246,0.00446281738359685,0.006783538961032647,0.026866418135811677,-0.034848646043623095,-1.297108005520523,0.9192339716902581,8.159866777685263,negative_skill,Negative Skill,1200,False,structure_preserving_random_timing,20350494,0.9350541215653622,1.0,negative_skill,Negative Skill,negative_skill,Negative Skill
cand_mean_reversion_zscore,Z-Score Mean Reversion (Calm Regime),mean_reversion,False,QQQ,validation,2015-12-04,2021-02-01,1298,3,0,3,2.6666666666666665,-0.0008062238955938793,0.00625068260852131,0.00894714052661735,0.03354469239755689,-0.00705690650411519,-0.21037326622286018,0.6436303080766028,35.72023313905079,random_luck,Random / Luck,1200,False,structure_preserving_random_timing,20351428,0.9350541215653622,1.0,random_luck,Random / Luck,random_luck,Random / Luck
cand_dual_momentum_trend_filter,Dual Momentum + Trend Filter,momentum,False,QQQ,validation,2015-12-04,2021-02-01,1298,119,0,119,7.092436974789916,0.688904110599527,1.0440453889387264,1.004889539675338,0.42743893090842583,-0.3551412783391994,-0.8308585219049328,0.7893422148209825,21.149042464612823,negative_skill,Negative Skill,1200,False,structure_preserving_random_timing,20374316,0.9350541215653622,1.0,negative_skill,Negative Skill,negative_skill,Negative Skill
cand_trend_pullback_adx,Trend Pullback (ADX Confirmed),pullback,False,QQQ,validation,2015-12-04,2021-02-01,1298,32,0,32,10.25,0.22957927617097346,0.3948632872653722,0.3801963467021402,0.24170678246993021,-0.16528401109439872,-0.6838203272800631,0.7502081598667777,25.062447960033307,negative_skill,Negative Skill,1200,False,structure_preserving_random_timing,20337694,0.9350541215653622,1.0,negative_skill,Negative Skill,negative_skill,Negative Skill
cand_trend_pullback_ema_rsi,Trend Pullback (EMA + RSI),pullback,False,QQQ,validation,2015-12-04,2021-02-01,1298,13,0,13,7.230769230769231,0.08272618245277938,0.10843266259990948,0.11101708354168702,0.11116732144127997,-0.025706480147130104,-0.2312413379565739,0.6028309741881765,39.800166527893424,random_luck,Random / Luck,1200,False,structure_preserving_random_timing,20354634,0.9350541215653622,1.0,random_luck,Random / Luck,random_luck,Random / Luck
cand_tsmom_12m_filter,TSMOM 12M + Trend Filter,time_series_momentum,False,QQQ,validation,2015-12-04,2021-02-01,1298,52,0,52,14.23076923076923,0.5603963466055767,1.037924573732028,0.9749194196605225,0.47438185212144324,-0.47752822712645127,-1.0066325787779136,0.8526228143213989,14.82098251457119,negative_skill,Negative Skill,1200,False,structure_preserving_random_timing,20328990,0.9350541215653622,1.0,negative_skill,Negative Skill,negative_skill,Negative Skill
cand_ma_cross_50_200,50/200 Moving-Average Crossover,trend_following,False,QQQ,validation,2015-12-04,2021-02-01,1298,2,0,2,20.5,0.12852626711391846,0.03510578206425611,0.04196823911608061,0.0721490858803402,0.09342048504966236,1.2948256226641723,0.06661115736885928,93.42214820982515,weak_skill,Weak Skill,1200,False,structure_preserving_random_timing,20321257,0.93255620316403,0.9442131557035804,random_luck,Random / Luck,random_luck,Random / Luck
cand_vol_managed_momentum,Volatility-Managed Momentum,volatility_scaled_momentum,False,QQQ,validation,2015-12-04,2021-02-01,1298,59,0,59,11.440677966101696,0.4370313807282531,0.8868354127581597,0.8487498647067567,0.4016947119318255,-0.4498040320299066,-1.1197658785865374,0.8717735220649458,12.905911740216485,negative_skill,Negative Skill,1200,False,structure_preserving_random_timing,20346654,0.9350541215653622,1.0,negative_skill,Negative Skill,negative_skill,Negative Skill
cand_breakout_20_volume,20-Day Breakout + Volume Confirmation,breakout,False,SPY,validation,2013-06-25,2019-11-07,1606,18,0,18,13.833333333333334,0.03481464216351178,0.1279132335717757,0.12029722791011734,0.11801892126194623,-0.09309859140826392,-0.7888446226485077,0.7793505412156536,22.148209825145713,negative_skill,Negative Skill,1200,False,structure_preserving_random_timing,20336975,0.9991673605328893,1.0,negative_skill,Negative Skill,negative_skill,Negative Skill
cand_donchian_55_breakout,Donchian 55-Day Breakout,breakout,False,SPY,validation,2013-06-25,2019-11-07,1606,29,0,29,15.206896551724139,0.05677681155115531,0.2227458682859473,0.20639286068563112,0.15735938183465506,-0.165969056734792,-1.0547134514622303,0.861781848459617,13.905079100749376,negative_skill,Negative Skill,1200,False,structure_preserving_random_timing,20344932,0.9991673605328893,1.0,negative_skill,Negative Skill,negative_skill,Negative Skill
control_existing_validation,Control: Existing Validation Strategy,control,True,SPY,validation,2013-06-25,2019-11-07,1606,40,0,40,14.2,0.20310683981934238,0.34066386164518603,0.3279567936417131,0.18378302324673249,-0.13755702182584365,-0.7484751278749535,0.771856786011657,22.89758534554538,negative_skill,Negative Skill,1200,False,structure_preserving_random_timing,20355871,0.9991673605328893,1.0,negative_skill,Negative Skill,negative_skill,Negative Skill
control_random_baseline,Control: Random Baseline,control,True,SPY,validation,2013-06-25,2019-11-07,1606,63,0,63,11.873015873015873,0.0521972321865433,0.38388613853726744,0.3712207372888968,0.21524044813611534,-0.3316889063507241,-1.5410156837295201,0.9475437135720233,5.328892589508743,negative_skill,Negative Skill,1200,False,structure_preserving_random_timing,20338154,0.9991673605328893,1.0,negative_skill,Negative Skill,negative_skill,Negative Skill
cand_hybrid_trend_breakout_pullback,Hybrid Trend + Breakout/Pullback,hybrid,False,SPY,validation,2013-06-25,2019-11-07,1606,51,0,51,13.27450980392157,-0.0027941412610228986,0.3858875071629955,0.3738874000157112,0.19462369568970286,-0.3886816484240184,-1.9970931445249642,0.9866777685262281,1.4154870940882598,negative_skill,Negative Skill,1200,False,structure_preserving_random_timing,20394428,0.9991673605328893,1.0,negative_skill,Negative Skill,negative_skill,Negative Skill
cand_regime_filtered_momentum,Regime-Filtered Momentum,hybrid,False,SPY,validation,2013-06-25,2019-11-07,1606,78,0,78,11.153846153846153,0.15275464102714761,0.5308359412139876,0.5159220739876575,0.20888046534366309,-0.37808130018683994,-1.8100366617088732,0.9758534554537885,2.497918401332223,negative_skill,Negative Skill,1200,False,structure_preserving_random_timing,20365050,0.9991673605328893,1.0,negative_skill,Negative Skill,negative_skill,Negative Skill
cand_mean_reversion_bbands,Bollinger Mean Reversion,mean_reversion,False,SPY,validation,2013-06-25,2019-11-07,1606,3,0,3,4.0,-0.009393818576893085,0.004662282139827546,0.007428207610833069,0.027795251374068825,-0.014056100716720631,-0.5057015145340281,0.7368859283930058,26.39467110741049,negative_skill,Negative Skill,1200,False,structure_preserving_random_timing,20350761,0.9991673605328893,1.0,negative_skill,Negative Skill,negative_skill,Negative Skill
cand_mean_reversion_zscore,Z-Score Mean Reversion (Calm Regime),mean_reversion,False,SPY,validation,2013-06-25,2019-11-07,1606,4,0,4,2.0,-0.02346841771976182,0.0017358953367331694,0.00291178839120845,0.021127281541546642,-0.025204313056494992,-1.1929747330214207,0.8934221482098251,10.741049125728559,negative_skill,Negative Skill,1200,False,structure_preserving_random_timing,20351695,0.9991673605328893,1.0,negative_skill,Negative Skill,negative_skill,Negative Skill
cand_dual_momentum_trend_filter,Dual Momentum + Trend Filter,momentum,False,SPY,validation,2013-06-25,2019-11-07,1606,179,0,179,5.82122905027933,-0.02025844066322738,0.5908033532174327,0.5748440727024411,0.23650743350699133,-0.6110617938806601,-2.5836895898775065,0.9991673605328892,0.16652789342214822,negative_skill,Negative Skill,1200,False,structure_preserving_random_timing,20374628,0.9991673605328893,1.0,negative_skill,Negative Skill,negative_skill,Negative Skill
cand_trend_pullback_adx,Trend Pullback (ADX Confirmed),pullback,False,SPY,validation,2013-06-25,2019-11-07,1606,51,0,51,11.431372549019608,-0.0728346745793509,0.3005913082245683,0.29483430181056974,0.17700520610119974,-0.3734259828039192,-2.1096892629837067,0.9883430474604497,1.2489592006661114,negative_skill,Negative Skill,1200,False,structure_preserving_random_timing,20337934,0.9991673605328893,1.0,negative_skill,Negative Skill,negative_skill,Negative Skill
cand_trend_pullback_ema_rsi,Trend Pullback (EMA + RSI),pullback,False,SPY,validation,2013-06-25,2019-11-07,1606,27,0,27,6.481481481481482,0.14270418781954664,0.08364931982506248,0.07872243084444966,0.09450734265974094,0.05905486799448416,0.6248706855201936,0.2631140716069942,73.77185678601165,random_luck,Random / Luck,1200,False,structure_preserving_random_timing,20354910,0.9991673605328893,1.0,random_luck,Random / Luck,random_luck,Random / Luck
cand_tsmom_12m_filter,TSMOM 12M + Trend Filter,time_series_momentum,False,SPY,validation,2013-06-25,2019-11-07,1606,64,0,64,14.34375,0.18938833911231945,0.6070495711567888,0.5874210817513348,0.2579110407875805,-0.41766123204446937,-1.6194003590116237,0.9675270607826811,3.330557868442964,negative_skill,Negative Skill,1200,False,structure_preserving_random_timing,20329212,0.9991673605328893,1.0,negative_skill,Negative Skill,negative_skill,Negative Skill
cand_ma_cross_50_200,50/200 Moving-Average Crossover,trend_following,False,SPY,validation,2013-06-25,2019-11-07,1606,3,0,3,9.333333333333334,0.007518175159262814,0.014427390844075318,0.01709018191803509,0.03976883460841385,-0.006909215684812504,-0.1737344267903372,0.6069941715237303,39.38384679433805,random_luck,Random / Luck,1200,False,structure_preserving_random_timing,20321470,0.9991673605328893,1.0,random_luck,Random / Luck,random_luck,Random / Luck
cand_vol_managed_momentum,Volatility-Managed Momentum,volatility_scaled_momentum,False,SPY,validation,2013-06-25,2019-11-07,1606,82,0,82,10.768292682926829,0.22359637039900146,0.5624656920457729,0.5464433549247849,0.2157566978864446,-0.3388693216467714,-1.570608583493999,0.9525395503746877,4.8293089092422985,negative_skill,Negative Skill,1200,False,structure_preserving_random_timing,20346912,0.9991673605328893,1.0,negative_skill,Negative Skill,negative_skill,Negative Skill
