name,gate,score,tr_trades,tr_z,tr_p,va_trades,va_z,va_p,se_trades,se_z,se_p,adx,r63,r126,stop,trail,time_stop,vol
a12_r630.0_r1260.0_s2.2_t3.4_h80_v1.5,False,13.85344268490245,63,12.59032045284325,0.008264462809917356,14,1.073713205801304,0.14049586776859505,10,0.40467316944770587,0.281767955801105,12,0.0,0.0,2.2,3.4,80,1.5
a8_r630.02_r1260.0_s2.8_t3.4_h80_v1.5,False,13.626450258941617,61,10.8891774327303,0.008264462809917356,14,0.9722336951434799,0.1487603305785124,6,1.873938268093545,0.06077348066298342,8,0.02,0.0,2.8,3.4,80,1.5
a16_r630.02_r1260.0_s2.8_t3.4_h80_v1.5,False,12.789139274989877,57,10.02045062006661,0.008264462809917356,13,0.8761193105333538,0.17355371900826447,6,2.0083403137520426,0.049723756906077346,16,0.02,0.0,2.8,3.4,80,1.5
a12_r630.02_r1260.03_s2.2_t3.4_h120_v1.2,False,12.475172900726763,62,9.314235387825368,0.008264462809917356,14,0.9460517618335648,0.1652892561983471,6,2.309949903389641,0.016574585635359115,12,0.02,0.03,2.2,3.4,120,1.2
a16_r630.02_r1260.03_s2.8_t3.4_h80_v1.5,False,12.201336519341758,57,9.438906074227145,0.008264462809917356,13,1.006716225247606,0.15702479338842976,6,1.8604582954799946,0.04419889502762431,16,0.02,0.03,2.8,3.4,80,1.5
a16_r630.0_r1260.0_s2.8_t3.4_h80_v1.5,False,12.06309152720473,57,11.557501722130956,0.008264462809917356,13,0.7950345497126127,0.21487603305785125,10,0.023782961858581027,0.40331491712707185,16,0.0,0.0,2.8,3.4,80,1.5
a16_r630.0_r1260.0_s2.8_t3.4_h120_v1.5,False,11.966436674732309,57,11.39802820054648,0.008264462809917356,13,0.7592706802741557,0.2066115702479339,10,0.12099569994336144,0.4088397790055249,16,0.0,0.0,2.8,3.4,120,1.5
a12_r630.02_r1260.03_s2.8_t3.4_h120_v1.5,False,11.844402592147464,61,8.986456718639971,0.008264462809917356,14,1.1649633373933626,0.09090909090909091,6,1.7867682080012577,0.08839779005524862,12,0.02,0.03,2.8,3.4,120,1.5
a8_r630.02_r1260.03_s2.2_t3.4_h80_v1.5,False,11.734206467010154,62,8.72881355408567,0.008264462809917356,14,1.1395305056483622,0.11570247933884298,6,1.949945325864314,0.04419889502762431,8,0.02,0.03,2.2,3.4,80,1.5
a12_r630.02_r1260.03_s2.2_t3.4_h80_v1.5,False,11.661640372599509,62,8.536501125424758,0.008264462809917356,14,1.2055622850453505,0.10743801652892562,6,1.9912403564949555,0.027624309392265192,12,0.02,0.03,2.2,3.4,80,1.5
a8_r630.02_r1260.0_s2.2_t3.4_h120_v1.2,False,11.61575368493333,62,9.006564228193461,0.008264462809917356,14,0.8859365988515107,0.1487603305785124,6,1.8266271330356108,0.049723756906077346,8,0.02,0.0,2.2,3.4,120,1.2
a8_r630.02_r1260.03_s2.2_t3.4_h120_v1.2,False,11.58369621642337,62,8.869221857316212,0.008264462809917356,14,0.969317734444093,0.19008264462809918,6,1.8609047640174323,0.03314917127071823,8,0.02,0.03,2.2,3.4,120,1.2
a8_r630.0_r1260.0_s2.2_t3.4_h80_v1.5,False,11.577725076426274,63,10.398778728996655,0.008264462809917356,14,1.109254345364504,0.12396694214876033,10,0.28497897526268584,0.2983425414364641,8,0.0,0.0,2.2,3.4,80,1.5
a12_r630.02_r1260.0_s2.8_t3.4_h120_v1.5,False,11.453322275246832,61,8.620741097098703,0.008264462809917356,14,0.9036312362733688,0.15702479338842976,6,2.039218879366199,0.055248618784530384,12,0.02,0.0,2.8,3.4,120,1.5
a12_r630.0_r1260.03_s2.2_t3.4_h120_v1.5,False,11.409877402505005,63,9.930351979502696,0.008264462809917356,14,0.9975549159563925,0.17355371900826447,9,0.6999514211594282,0.2541436464088398,12,0.0,0.03,2.2,3.4,120,1.5
a8_r630.0_r1260.03_s2.2_t3.4_h80_v1.2,False,11.295149171443946,63,9.913893811691684,0.008264462809917356,14,0.9167357867269113,0.19834710743801653,9,0.6893723194752823,0.2430939226519337,8,0.0,0.03,2.2,3.4,80,1.2
a8_r630.02_r1260.0_s2.2_t3.4_h120_v1.5,False,11.22812503386756,62,8.256106311911635,0.008264462809917356,14,0.9984475553541993,0.14049586776859505,6,2.0672883484655666,0.03867403314917127,8,0.02,0.0,2.2,3.4,120,1.5
a16_r630.02_r1260.03_s2.2_t3.4_h80_v1.2,False,11.22478622381355,58,8.521358277639829,0.008264462809917356,13,0.8710797200444922,0.1487603305785124,6,1.9357225012764834,0.049723756906077346,16,0.02,0.03,2.2,3.4,80,1.2
a16_r630.0_r1260.03_s2.2_t3.4_h120_v1.2,False,11.22141087247443,58,10.240676748185477,0.008264462809917356,13,0.5782634223099529,0.2066115702479339,9,0.6563175582869295,0.292817679558011,16,0.0,0.03,2.2,3.4,120,1.2
a12_r630.02_r1260.03_s2.8_t3.4_h120_v1.2,False,11.214721951162376,61,8.761399776036875,0.008264462809917356,14,0.935085815612738,0.15702479338842976,6,1.634030158882655,0.06629834254143646,12,0.02,0.03,2.8,3.4,120,1.2
a16_r630.0_r1260.0_s2.2_t3.4_h80_v1.5,False,11.095480447711427,58,10.025078862524133,0.008264462809917356,13,0.8877526495168873,0.15702479338842976,10,0.41722726542703836,0.30386740331491713,16,0.0,0.0,2.2,3.4,80,1.5
a8_r630.0_r1260.03_s2.2_t3.4_h120_v1.5,False,11.04898630869296,63,9.403406549264519,0.008264462809917356,14,0.9680571053957954,0.10743801652892562,9,0.8431087003319019,0.2154696132596685,8,0.0,0.03,2.2,3.4,120,1.5
a8_r630.0_r1260.0_s2.8_t3.4_h80_v1.5,False,10.794063257710855,62,9.610174915404558,0.008264462809917356,14,1.4763045156991634,0.0743801652892562,10,-0.0245745223267048,0.4530386740331492,8,0.0,0.0,2.8,3.4,80,1.5
a8_r630.02_r1260.03_s2.2_t3.4_h120_v1.5,False,10.675086107896131,62,7.278040986337875,0.008264462809917356,14,1.230238254056462,0.1322314049586777,6,2.256391817960678,0.03867403314917127,8,0.02,0.03,2.2,3.4,120,1.5
a16_r630.02_r1260.0_s2.8_t2.8_h80_v1.2,False,10.604853113936256,66,8.768574655948022,0.008264462809917356,15,0.6190456481441402,0.256198347107438,9,1.399187971708849,0.09944751381215469,16,0.02,0.0,2.8,2.8,80,1.2
a16_r630.02_r1260.0_s2.2_t3.4_h80_v1.2,False,10.454779869632468,58,7.500197834316573,0.008264462809917356,13,0.8368998510656351,0.19008264462809918,6,2.227905461726172,0.022099447513812154,16,0.02,0.0,2.2,3.4,80,1.2
a16_r630.02_r1260.0_s2.2_t3.4_h80_v1.5,False,10.419841539941505,58,7.829533163517648,0.008264462809917356,13,0.7387454582278776,0.17355371900826447,6,1.9590465947404307,0.03314917127071823,16,0.02,0.0,2.2,3.4,80,1.5
a16_r630.02_r1260.03_s2.2_t3.4_h80_v1.5,False,10.411272142052677,58,7.463049034102469,0.008264462809917356,13,0.8878932275352228,0.1652892561983471,6,2.158156463676024,0.022099447513812154,16,0.02,0.03,2.2,3.4,80,1.5
a16_r630.02_r1260.03_s2.8_t3.4_h80_v1.2,False,10.247478247113131,57,7.953783456748064,0.008264462809917356,13,0.6231586908743434,0.2809917355371901,6,1.8455509389957703,0.06077348066298342,16,0.02,0.03,2.8,3.4,80,1.2
a8_r630.0_r1260.0_s2.8_t3.4_h120_v1.5,False,10.213539477872317,62,9.190899818693204,0.008264462809917356,14,1.3164487653816899,0.08264462809917356,10,-0.024597654670683134,0.44751381215469616,8,0.0,0.0,2.8,3.4,120,1.5
a8_r630.0_r1260.03_s2.8_t3.4_h120_v1.5,False,10.201131286154212,62,9.239206721655213,0.008264462809917356,14,0.8055544402817983,0.18181818181818182,9,0.4226821647632938,0.3425414364640884,8,0.0,0.03,2.8,3.4,120,1.5
a8_r630.02_r1260.0_s2.8_t2.8_h80_v1.5,False,10.158509602511213,70,8.424061395578681,0.008264462809917356,16,0.8367792222728128,0.21487603305785125,9,1.0865872988919463,0.15469613259668508,8,0.02,0.0,2.8,2.8,80,1.5
a12_r630.0_r1260.0_s2.8_t3.4_h80_v1.2,False,10.147966315211928,62,9.283960009967753,0.008264462809917356,14,1.151170486853907,0.12396694214876033,10,-5.400399227189664e-05,0.4419889502762431,12,0.0,0.0,2.8,3.4,80,1.2
a12_r630.02_r1260.0_s2.2_t3.4_h120_v1.5,False,10.147233026117163,62,7.24191262575608,0.008264462809917356,14,0.8090390202076193,0.19834710743801653,6,2.213399319973564,0.027624309392265192,12,0.02,0.0,2.2,3.4,120,1.5
a12_r630.0_r1260.03_s2.2_t3.4_h80_v1.5,False,10.07316461750717,63,8.580371491712524,0.008264462809917356,14,1.0749335231833752,0.09917355371900827,9,0.6069377268978319,0.27071823204419887,12,0.0,0.03,2.2,3.4,80,1.5
a16_r630.0_r1260.03_s2.2_t3.4_h80_v1.5,False,9.99240316490737,58,8.961398343532196,0.008264462809917356,13,0.7252131903206043,0.18181818181818182,9,0.5472417931476261,0.292817679558011,16,0.0,0.03,2.2,3.4,80,1.5
a8_r630.02_r1260.03_s2.8_t3.4_h120_v1.2,False,9.956747694036837,61,7.094535964791761,0.008264462809917356,14,1.2429092980512901,0.10743801652892562,6,1.715827704012378,0.07734806629834254,8,0.02,0.03,2.8,3.4,120,1.2
a16_r630.02_r1260.0_s2.8_t3.4_h120_v1.2,False,9.915332475465505,57,7.861721197045413,0.008264462809917356,13,0.5750071716110392,0.2727272727272727,6,1.6577740077268193,0.07734806629834254,16,0.02,0.0,2.8,3.4,120,1.2
a8_r630.0_r1260.03_s2.2_t3.4_h120_v1.2,False,9.84722322135067,63,8.513793542423343,0.008264462809917356,14,0.8466051680327437,0.1652892561983471,9,0.703435624542362,0.2596685082872928,8,0.0,0.03,2.2,3.4,120,1.2
a12_r630.0_r1260.0_s2.8_t3.4_h120_v1.5,False,9.822750587119812,62,9.118019735799352,0.008264462809917356,14,1.085924608151314,0.1487603305785124,10,-0.062349868423932024,0.48066298342541436,12,0.0,0.0,2.8,3.4,120,1.5
a12_r630.02_r1260.03_s2.2_t3.4_h80_v1.2,False,9.751916876799068,62,6.885812120722824,0.008264462809917356,14,0.9855256716346255,0.18181818181818182,6,1.9949574233302527,0.03867403314917127,12,0.02,0.03,2.2,3.4,80,1.2
a8_r630.02_r1260.03_s2.2_t2.8_h80_v1.2,False,9.75063951633864,70,8.048251198662475,0.008264462809917356,16,0.7946638563490321,0.19834710743801653,9,1.0939031746278953,0.16574585635359115,8,0.02,0.03,2.2,2.8,80,1.2
a8_r630.02_r1260.03_s2.8_t3.4_h80_v1.2,False,9.621756222766836,61,6.960900801238941,0.008264462809917356,14,0.826348854330087,0.15702479338842976,6,1.9392506428107934,0.04419889502762431,8,0.02,0.03,2.8,3.4,80,1.2
a16_r630.0_r1260.03_s2.2_t3.4_h120_v1.5,False,9.61157319494317,58,8.240743378640738,0.008264462809917356,13,0.8228256882288989,0.1487603305785124,9,0.7480634860937162,0.2430939226519337,16,0.0,0.03,2.2,3.4,120,1.5
a16_r630.02_r1260.03_s2.2_t3.4_h120_v1.2,False,9.575944167612043,58,6.55780336671856,0.008264462809917356,13,0.8509155322705007,0.12396694214876033,6,2.2526779876769063,0.03867403314917127,16,0.02,0.03,2.2,3.4,120,1.2
a16_r630.0_r1260.03_s2.8_t3.4_h120_v1.5,False,9.548589153173513,57,8.660600279677665,0.008264462809917356,13,0.6930016537004108,0.2396694214876033,9,0.4764127254801092,0.3149171270718232,16,0.0,0.03,2.8,3.4,120,1.5
a12_r630.0_r1260.03_s2.2_t3.4_h120_v1.2,False,9.478000444763907,63,8.23077285967168,0.008264462809917356,14,0.9733595659454554,0.15702479338842976,9,0.527783365477989,0.3425414364640884,12,0.0,0.03,2.2,3.4,120,1.2
a8_r630.02_r1260.0_s2.2_t2.8_h80_v1.2,False,9.456821517679844,70,7.480505310069421,0.008264462809917356,16,0.9254869436496957,0.18181818181818182,9,1.2121689288162136,0.13259668508287292,8,0.02,0.0,2.2,2.8,80,1.2
a12_r630.02_r1260.03_s2.8_t3.4_h80_v1.2,False,9.449869004350525,61,6.733958236753702,0.008264462809917356,14,1.0031039529660708,0.14049586776859505,6,1.820336151190725,0.06629834254143646,12,0.02,0.03,2.8,3.4,80,1.2
a16_r630.02_r1260.0_s2.8_t2.8_h80_v1.5,False,9.37518342947527,66,7.763509727904499,0.008264462809917356,15,0.5472084491195929,0.2066115702479339,9,1.2520137662176702,0.16022099447513813,16,0.02,0.0,2.8,2.8,80,1.5
a8_r630.02_r1260.0_s2.2_t3.4_h80_v1.2,False,9.246101047214687,62,6.4529281607722835,0.01652892561983471,14,0.8771864052416839,0.1652892561983471,6,2.0289950196236224,0.04419889502762431,8,0.02,0.0,2.2,3.4,80,1.2
a12_r630.02_r1260.03_s2.8_t3.4_h80_v1.5,False,9.232130285315394,61,5.995481661788956,0.008264462809917356,14,1.2755864385551694,0.09917355371900827,6,2.0341182098103174,0.03867403314917127,12,0.02,0.03,2.8,3.4,80,1.5
a8_r630.02_r1260.0_s2.2_t3.4_h80_v1.5,False,9.22390851293771,62,6.628550900562491,0.01652892561983471,14,0.8901880520742085,0.1652892561983471,6,1.8292278224808183,0.06629834254143646,8,0.02,0.0,2.2,3.4,80,1.5
a8_r630.02_r1260.03_s2.2_t3.4_h80_v1.2,False,9.165502083448274,62,6.4728645626851335,0.008264462809917356,14,0.8294258395396004,0.19834710743801653,6,1.9858544829220925,0.03867403314917127,8,0.02,0.03,2.2,3.4,80,1.2
a12_r630.02_r1260.0_s2.8_t3.4_h120_v1.2,False,9.138493136727668,61,6.145190355749998,0.01652892561983471,14,1.4503263122801435,0.08264462809917356,6,1.6395245715238826,0.09392265193370165,12,0.02,0.0,2.8,3.4,120,1.2
a16_r630.02_r1260.0_s2.2_t3.4_h120_v1.5,False,9.125625345155214,58,6.112304962268881,0.01652892561983471,13,0.647224384809531,0.18181818181818182,6,2.4763192755527146,0.022099447513812154,16,0.02,0.0,2.2,3.4,120,1.5
a8_r630.02_r1260.0_s2.8_t3.4_h120_v1.2,False,9.115375541719516,61,6.078867206953132,0.008264462809917356,14,0.8841610433155283,0.1652892561983471,6,2.255698736590347,0.03314917127071823,8,0.02,0.0,2.8,3.4,120,1.2
a8_r630.02_r1260.03_s2.2_t2.8_h120_v1.5,False,9.097946691644315,70,7.412802617475715,0.008264462809917356,16,0.7440207775064678,0.19008264462809918,9,1.1204073476187093,0.16022099447513813,8,0.02,0.03,2.2,2.8,120,1.5
a12_r630.0_r1260.0_s2.8_t3.4_h120_v1.2,False,9.049126105824852,62,8.22562339539636,0.008264462809917356,14,1.1183620968066925,0.14049586776859505,10,-0.021584193464633576,0.39779005524861877,12,0.0,0.0,2.8,3.4,120,1.2
a16_r630.02_r1260.0_s2.2_t2.8_h120_v1.2,False,9.005691408682408,66,7.2267646342461225,0.008264462809917356,15,0.4643056202729986,0.2231404958677686,9,1.4800473904082074,0.09944751381215469,16,0.02,0.0,2.2,2.8,120,1.2
a8_r630.0_r1260.03_s2.8_t3.4_h80_v1.5,False,8.998863676511547,62,7.903218866788247,0.008264462809917356,14,0.7221285917839951,0.2066115702479339,9,0.6301255051864643,0.2983425414364641,8,0.0,0.03,2.8,3.4,80,1.5
a12_r630.02_r1260.0_s2.8_t2.8_h120_v1.2,False,8.98388142712515,70,6.491975757595133,0.008264462809917356,16,1.1395193842014164,0.14049586776859505,9,1.4682029147062539,0.08287292817679558,12,0.02,0.0,2.8,2.8,120,1.2
a12_r630.02_r1260.0_s2.2_t3.4_h80_v1.5,False,8.955814940146192,62,6.093307210714918,0.008264462809917356,14,0.8125855711425265,0.18181818181818182,6,2.161538066238157,0.03314917127071823,12,0.02,0.0,2.2,3.4,80,1.5
a12_r630.0_r1260.0_s2.2_t3.4_h80_v1.2,False,8.941719310766228,63,7.755225675601656,0.008264462809917356,14,1.2723967828785927,0.09917355371900827,10,0.16671088817475097,0.39779005524861877,12,0.0,0.0,2.2,3.4,80,1.2
a16_r630.0_r1260.0_s2.2_t3.4_h120_v1.5,False,8.939250063214503,58,8.359261679006819,0.008264462809917356,13,0.7074352410307481,0.2231404958677686,10,0.16505120262627698,0.35359116022099446,16,0.0,0.0,2.2,3.4,120,1.5
a16_r630.02_r1260.03_s2.2_t3.4_h120_v1.5,False,8.915166828675014,58,6.177397593621901,0.008264462809917356,13,0.7311950663875013,0.19008264462809918,6,2.127847169898432,0.04419889502762431,16,0.02,0.03,2.2,3.4,120,1.5
a12_r630.02_r1260.0_s2.8_t3.4_h80_v1.5,False,8.854561641875675,61,6.032288425790265,0.008264462809917356,14,1.2456788297410843,0.14049586776859505,6,1.6951734466612067,0.08839779005524862,12,0.02,0.0,2.8,3.4,80,1.5
a16_r630.02_r1260.0_s2.8_t3.4_h120_v1.5,False,8.828101888496732,57,6.598962493959995,0.008264462809917356,13,0.6963057503624427,0.2231404958677686,6,1.698259880419215,0.09944751381215469,16,0.02,0.0,2.8,3.4,120,1.5
a12_r630.02_r1260.0_s2.2_t2.8_h80_v1.5,False,8.827938484778667,70,7.222980122549339,0.008264462809917356,16,0.7705166494502244,0.19008264462809918,9,1.0330627803102652,0.19889502762430938,12,0.02,0.0,2.2,2.8,80,1.5
a12_r630.02_r1260.03_s2.2_t3.4_h120_v1.5,False,8.819873320488135,62,5.408372170726297,0.01652892561983471,14,1.1554113795202194,0.10743801652892562,6,2.326360534133679,0.016574585635359115,12,0.02,0.03,2.2,3.4,120,1.5
a12_r630.0_r1260.0_s2.8_t3.4_h80_v1.5,False,8.789164335084935,62,8.26524748895428,0.008264462809917356,14,0.8734536967139894,0.17355371900826447,10,-0.04039571547534839,0.43646408839779005,12,0.0,0.0,2.8,3.4,80,1.5
a16_r630.02_r1260.03_s2.8_t2.8_h80_v1.5,False,8.710784925024232,66,6.9760639465314185,0.008264462809917356,15,0.6674627642231287,0.256198347107438,9,1.2657879617697987,0.13259668508287292,16,0.02,0.03,2.8,2.8,80,1.5
a16_r630.0_r1260.03_s2.2_t2.8_h120_v1.2,False,8.624463798175496,66,8.300546096610423,0.008264462809917356,15,0.5341619313346864,0.2396694214876033,12,0.12090503282113535,0.4143646408839779,16,0.0,0.03,2.2,2.8,120,1.2
a16_r630.0_r1260.03_s2.2_t2.8_h120_v1.5,False,8.611611793963265,66,8.070437440745769,0.008264462809917356,15,0.6357656576391657,0.23140495867768596,12,0.18270196985804338,0.3149171270718232,16,0.0,0.03,2.2,2.8,120,1.5
a12_r630.02_r1260.0_s2.2_t3.4_h80_v1.2,False,8.571257212393757,62,5.848711900749379,0.01652892561983471,14,0.6973527219420065,0.2066115702479339,6,2.156099854210843,0.03867403314917127,12,0.02,0.0,2.2,3.4,80,1.2
a16_r630.0_r1260.0_s2.2_t3.4_h120_v1.2,False,8.552433403922342,58,7.90504087483643,0.008264462809917356,13,0.6001294181383087,0.19008264462809918,10,0.30113279726329756,0.30939226519337015,16,0.0,0.0,2.2,3.4,120,1.2
a8_r630.02_r1260.03_s2.8_t3.4_h120_v1.5,False,8.434836363906484,61,5.903712592839829,0.01652892561983471,14,0.9296498633651884,0.17355371900826447,6,1.729664401286234,0.06629834254143646,8,0.02,0.03,2.8,3.4,120,1.5
a8_r630.02_r1260.0_s2.2_t2.8_h80_v1.5,False,8.425966496380218,70,6.636391068486974,0.008264462809917356,16,0.9760202689268047,0.1652892561983471,9,0.9942546704042726,0.1878453038674033,8,0.02,0.0,2.2,2.8,80,1.5
a12_r630.02_r1260.03_s2.2_t2.8_h80_v1.2,False,8.357769656006852,70,6.1033419539211495,0.01652892561983471,16,0.8504658870484014,0.23140495867768596,9,1.566602790335231,0.07734806629834254,12,0.02,0.03,2.2,2.8,80,1.2
a8_r630.02_r1260.0_s2.8_t3.4_h80_v1.2,False,8.312785206834898,61,5.582919968322274,0.01652892561983471,14,0.9677168011641645,0.14049586776859505,6,1.8655227124957114,0.049723756906077346,8,0.02,0.0,2.8,3.4,80,1.2
a12_r630.0_r1260.0_s2.2_t3.4_h120_v1.2,False,8.288478530828867,63,7.144749053218306,0.008264462809917356,14,1.1069821774517967,0.15702479338842976,10,0.26856319897616887,0.2983425414364641,12,0.0,0.0,2.2,3.4,120,1.2
a16_r630.0_r1260.03_s2.8_t3.4_h80_v1.5,False,8.282058949156516,57,7.114353320816236,0.008264462809917356,13,0.7029335841266676,0.17355371900826447,9,0.6799905273878968,0.24861878453038674,16,0.0,0.03,2.8,3.4,80,1.5
a8_r630.02_r1260.0_s2.8_t2.8_h120_v1.2,False,8.25369836222134,70,6.213177219637749,0.008264462809917356,16,1.0308887534441018,0.1652892561983471,9,1.1709948840027369,0.14917127071823205,8,0.02,0.0,2.8,2.8,120,1.2
a12_r630.0_r1260.03_s2.8_t3.4_h80_v1.2,False,8.248694588236743,62,6.9233331739688815,0.008264462809917356,14,1.1225574422573323,0.1322314049586777,9,0.4443226241268718,0.3425414364640884,12,0.0,0.03,2.8,3.4,80,1.2
a8_r630.02_r1260.03_s2.8_t3.4_h80_v1.5,False,8.155944444059312,61,5.3813024632137845,0.01652892561983471,14,1.1469664990911537,0.15702479338842976,6,1.7420766506507714,0.055248618784530384,8,0.02,0.03,2.8,3.4,80,1.5
a16_r630.0_r1260.0_s2.2_t3.4_h80_v1.2,False,8.120717925316695,58,7.58599816324603,0.008264462809917356,13,0.5991552477332872,0.19834710743801653,10,0.21842831051106842,0.35911602209944754,16,0.0,0.0,2.2,3.4,80,1.2
a12_r630.0_r1260.03_s2.8_t2.8_h80_v1.5,False,8.07505288020555,71,7.261085288588559,0.008264462809917356,16,0.9250598666515039,0.15702479338842976,12,0.17044738068897156,0.39779005524861877,12,0.0,0.03,2.8,2.8,80,1.5
a12_r630.02_r1260.03_s2.8_t2.8_h80_v1.5,False,8.069347624377748,70,6.361827836717341,0.01652892561983471,16,0.7080712579917217,0.21487603305785125,9,1.1759244896705123,0.12154696132596685,12,0.02,0.03,2.8,2.8,80,1.5
a8_r630.02_r1260.0_s2.2_t2.8_h120_v1.2,False,7.94060452222225,70,6.177151824422953,0.008264462809917356,16,0.7555275361625071,0.23140495867768596,9,1.207870369618159,0.16022099447513813,8,0.02,0.0,2.2,2.8,120,1.2
a12_r630.0_r1260.03_s2.8_t2.8_h120_v1.2,False,7.877639394864605,71,7.028885407177208,0.008264462809917356,16,0.8426559225873321,0.18181818181818182,12,0.27517253658538443,0.34806629834254144,12,0.0,0.03,2.8,2.8,120,1.2
a8_r630.0_r1260.0_s2.8_t3.4_h80_v1.2,False,7.870123437197299,62,6.9547304862891215,0.008264462809917356,14,1.0526339345070301,0.11570247933884298,10,0.1153502222821569,0.3812154696132597,8,0.0,0.0,2.8,3.4,80,1.2
a16_r630.02_r1260.03_s2.8_t2.8_h80_v1.2,False,7.822313952024075,66,5.812869360503251,0.008264462809917356,15,0.7920097656323212,0.2231404958677686,9,1.3828610621334232,0.09944751381215469,16,0.02,0.03,2.8,2.8,80,1.2
a16_r630.0_r1260.03_s2.2_t3.4_h80_v1.2,False,7.776762964027725,58,6.570106303676523,0.008264462809917356,13,0.7664681872822707,0.19834710743801653,9,0.6926655289111303,0.2983425414364641,16,0.0,0.03,2.2,3.4,80,1.2
a12_r630.02_r1260.0_s2.2_t3.4_h120_v1.2,False,7.696812580586947,62,4.921203515661214,0.008264462809917356,14,0.9787085752168221,0.1322314049586777,6,1.9030600258031527,0.0718232044198895,12,0.02,0.0,2.2,3.4,120,1.2
a12_r630.0_r1260.0_s2.2_t3.4_h120_v1.5,False,7.687774207594593,63,6.592482207521696,0.008264462809917356,14,1.1027812218820223,0.12396694214876033,10,0.22437233702380457,0.3314917127071823,12,0.0,0.0,2.2,3.4,120,1.5
a16_r630.02_r1260.03_s2.8_t2.8_h120_v1.2,False,7.661140966268955,66,5.920570417533328,0.008264462809917356,15,0.7011688608256719,0.21487603305785125,9,1.2283200021421825,0.15469613259668508,16,0.02,0.03,2.8,2.8,120,1.2
a16_r630.02_r1260.03_s2.8_t2.8_h120_v1.5,False,7.656753188958141,66,6.260771263073591,0.008264462809917356,15,0.4876342991818941,0.2727272727272727,9,1.1179042679519136,0.13812154696132597,16,0.02,0.03,2.8,2.8,120,1.5
a8_r630.0_r1260.03_s2.2_t3.4_h80_v1.5,False,7.630159782582339,63,6.27399971785402,0.01652892561983471,14,0.883016478136599,0.18181818181818182,9,0.7132011182112813,0.281767955801105,8,0.0,0.03,2.2,3.4,80,1.5
a16_r630.02_r1260.03_s2.8_t3.4_h120_v1.5,False,7.573971644936972,57,4.793946618765202,0.01652892561983471,13,0.7741892193593705,0.19834710743801653,6,2.1298484089766845,0.03314917127071823,16,0.02,0.03,2.8,3.4,120,1.5
a12_r630.0_r1260.03_s2.8_t3.4_h120_v1.2,False,7.558788382412763,62,6.5205601697478,0.008264462809917356,14,1.0656231619167191,0.17355371900826447,9,0.2651716002208698,0.40331491712707185,12,0.0,0.03,2.8,3.4,120,1.2
a12_r630.02_r1260.03_s2.2_t2.8_h80_v1.5,False,7.558325032356481,70,5.768261553232404,0.008264462809917356,16,0.7473178068403983,0.19834710743801653,9,1.2151122308883089,0.13812154696132597,12,0.02,0.03,2.2,2.8,80,1.5
a16_r630.0_r1260.03_s2.8_t3.4_h80_v1.2,False,7.55652173153116,57,6.743679249134847,0.008264462809917356,13,0.5488193331515591,0.256198347107438,9,0.5371385321039847,0.281767955801105,16,0.0,0.03,2.8,3.4,80,1.2
a12_r630.02_r1260.0_s2.8_t3.4_h80_v1.2,False,7.544534012758278,61,4.693490311089406,0.01652892561983471,14,0.986430438543265,0.15702479338842976,6,1.970727139204324,0.03867403314917127,12,0.02,0.0,2.8,3.4,80,1.2
a8_r630.02_r1260.0_s2.8_t3.4_h120_v1.5,False,7.535559147869832,61,5.173658825953601,0.01652892561983471,14,0.693453609832323,0.21487603305785125,6,1.8172983626934691,0.06629834254143646,8,0.02,0.0,2.8,3.4,120,1.5
a8_r630.02_r1260.03_s2.8_t2.8_h120_v1.2,False,7.529278971330458,70,5.406239301950428,0.008264462809917356,16,0.9958055002948547,0.17355371900826447,9,1.2899664644141557,0.143646408839779,8,0.02,0.03,2.8,2.8,120,1.2
a12_r630.0_r1260.03_s2.8_t3.4_h80_v1.5,False,7.499405114460274,62,6.48697673177303,0.008264462809917356,14,0.8121049032691448,0.19008264462809918,9,0.4541931657337919,0.30939226519337015,12,0.0,0.03,2.8,3.4,80,1.5
a12_r630.0_r1260.03_s2.2_t3.4_h80_v1.2,False,7.432039875738874,63,5.674754841589836,0.01652892561983471,14,1.0976945418796973,0.1322314049586777,9,0.8499927570061109,0.23204419889502761,12,0.0,0.03,2.2,3.4,80,1.2
a16_r630.02_r1260.0_s2.2_t3.4_h120_v1.2,False,7.417376562373018,58,4.891425403626539,0.01652892561983471,13,0.5563304572308047,0.19834710743801653,6,2.0936333036799595,0.03314917127071823,16,0.02,0.0,2.2,3.4,120,1.2
a8_r630.0_r1260.03_s2.2_t2.8_h120_v1.5,False,7.154064146526633,71,6.689578439685583,0.008264462809917356,16,0.6387901663723883,0.24793388429752067,12,0.16097703446436876,0.4143646408839779,8,0.0,0.03,2.2,2.8,120,1.5
a12_r630.02_r1260.0_s2.8_t2.8_h120_v1.5,False,7.144219770461424,70,5.383682513705754,0.008264462809917356,16,0.8034284827480241,0.19834710743801653,9,1.1322377635515029,0.143646408839779,12,0.02,0.0,2.8,2.8,120,1.5
a8_r630.02_r1260.0_s2.8_t2.8_h120_v1.5,False,7.133765473295247,70,5.307562382698101,0.01652892561983471,16,0.7930402687759612,0.2066115702479339,9,1.2110314122965062,0.13259668508287292,8,0.02,0.0,2.8,2.8,120,1.5
a16_r630.02_r1260.03_s2.2_t2.8_h120_v1.2,False,7.09033633834515,66,5.468774065149346,0.01652892561983471,15,0.6396327345670191,0.18181818181818182,9,1.155688727706909,0.14917127071823205,16,0.02,0.03,2.2,2.8,120,1.2
a16_r630.0_r1260.0_s2.2_t2.8_h120_v1.2,False,7.070540060360918,66,7.239424425738303,0.008264462809917356,15,0.5424909808993875,0.2644628099173554,13,-0.3015310469297105,0.5469613259668509,16,0.0,0.0,2.2,2.8,120,1.2
a12_r630.0_r1260.03_s2.2_t2.8_h120_v1.5,False,7.035333956966675,71,6.321337030081824,0.008264462809917356,16,1.0057267437814685,0.15702479338842976,12,0.009146855401450923,0.43646408839779005,12,0.0,0.03,2.2,2.8,120,1.5
a16_r630.0_r1260.0_s2.8_t3.4_h120_v1.2,False,7.024088665575733,57,6.5279592621480935,0.008264462809917356,13,0.8378378893826208,0.17355371900826447,10,-0.04637950554312805,0.4088397790055249,16,0.0,0.0,2.8,3.4,120,1.2
a8_r630.0_r1260.0_s2.8_t2.8_h120_v1.5,False,7.021477613161522,71,6.744472217730879,0.008264462809917356,16,1.128995929287165,0.1322314049586777,13,-0.45577574914349456,0.6519337016574586,8,0.0,0.0,2.8,2.8,120,1.5
a8_r630.02_r1260.03_s2.8_t2.8_h120_v1.5,False,6.97693998555957,70,5.292964055388577,0.01652892561983471,16,0.7677973982105528,0.256198347107438,9,1.129890234622419,0.15469613259668508,8,0.02,0.03,2.8,2.8,120,1.5
a8_r630.02_r1260.0_s2.8_t2.8_h80_v1.2,False,6.921881264367018,70,5.081679142247631,0.008264462809917356,16,0.8141134180702165,0.23140495867768596,9,1.2122217573344092,0.13259668508287292,8,0.02,0.0,2.8,2.8,80,1.2
a8_r630.0_r1260.03_s2.2_t2.8_h120_v1.2,False,6.833560460637122,71,5.996282559242896,0.01652892561983471,16,0.961573836223387,0.1652892561983471,12,0.15722089088655905,0.3812154696132597,8,0.0,0.03,2.2,2.8,120,1.2
a8_r630.0_r1260.0_s2.2_t2.8_h80_v1.5,False,6.800326300530909,71,6.543879476493536,0.008264462809917356,16,0.8797763819199146,0.14049586776859505,13,-0.28375602242753967,0.5303867403314917,8,0.0,0.0,2.2,2.8,80,1.5
a16_r630.02_r1260.03_s2.2_t2.8_h80_v1.2,False,6.75867846773412,66,5.130537219815576,0.01652892561983471,15,0.721695636586068,0.2066115702479339,9,1.0953639255647027,0.15469613259668508,16,0.02,0.03,2.2,2.8,80,1.2
a8_r630.0_r1260.0_s2.8_t3.4_h120_v1.2,False,6.701949604085499,62,5.869446899054085,0.01652892561983471,14,1.1335143192838628,0.1322314049586777,10,-0.0028745428858445543,0.44751381215469616,8,0.0,0.0,2.8,3.4,120,1.2
a16_r630.02_r1260.0_s2.8_t3.4_h80_v1.2,False,6.677300723721728,57,4.069341727995032,0.024793388429752067,13,0.7519884183233249,0.21487603305785125,6,2.0006671666002114,0.049723756906077346,16,0.02,0.0,2.8,3.4,80,1.2
a8_r630.02_r1260.03_s2.8_t2.8_h80_v1.5,False,6.66761108097912,70,4.4143442855633594,0.024793388429752067,16,0.9707208299953641,0.17355371900826447,9,1.4342057069847085,0.10497237569060773,8,0.02,0.03,2.8,2.8,80,1.5
a8_r630.02_r1260.0_s2.2_t2.8_h120_v1.5,False,6.601249067645283,70,4.600103941137523,0.01652892561983471,16,0.935310575959432,0.21487603305785125,9,1.2561226652462876,0.14917127071823205,8,0.02,0.0,2.2,2.8,120,1.5
a8_r630.0_r1260.03_s2.8_t3.4_h80_v1.2,False,6.597673108190768,62,5.436891993341829,0.01652892561983471,14,1.0666057789778016,0.12396694214876033,9,0.32740669516979853,0.3259668508287293,8,0.0,0.03,2.8,3.4,80,1.2
a16_r630.0_r1260.03_s2.8_t2.8_h80_v1.2,False,6.584448783248233,66,6.147605709409992,0.008264462809917356,15,0.5655804430147121,0.2396694214876033,12,0.1830748768396923,0.3756906077348066,16,0.0,0.03,2.8,2.8,80,1.2
a12_r630.02_r1260.03_s2.8_t2.8_h120_v1.2,False,6.578213834011462,70,4.483549687538024,0.01652892561983471,16,0.9874788753458567,0.19008264462809918,9,1.2795518297322122,0.13812154696132597,12,0.02,0.03,2.8,2.8,120,1.2
a8_r630.02_r1260.03_s2.8_t2.8_h80_v1.2,False,6.501633497313234,70,4.29463342495516,0.01652892561983471,16,1.1289936926231077,0.12396694214876033,9,1.2200775180391534,0.143646408839779,8,0.02,0.03,2.8,2.8,80,1.2
a16_r630.02_r1260.03_s2.2_t2.8_h120_v1.5,False,6.424057329767613,66,4.481740369939525,0.01652892561983471,15,0.6910716389722091,0.2231404958677686,9,1.4125164956880785,0.08287292817679558,16,0.02,0.03,2.2,2.8,120,1.5
a8_r630.0_r1260.03_s2.8_t2.8_h80_v1.2,False,6.332088493220549,71,5.4797078583669325,0.01652892561983471,16,0.9967815234991024,0.17355371900826447,12,0.14953546129287223,0.39779005524861877,8,0.0,0.03,2.8,2.8,80,1.2
a8_r630.0_r1260.0_s2.2_t3.4_h120_v1.2,False,6.322255818686,63,5.3995738258550565,0.008264462809917356,14,0.9082776323834856,0.17355371900826447,10,0.27105930771014003,0.3314917127071823,8,0.0,0.0,2.2,3.4,120,1.2
a16_r630.0_r1260.0_s2.8_t2.8_h80_v1.2,False,6.317045237714547,66,6.399049827522633,0.008264462809917356,15,0.6596616334988913,0.19834710743801653,13,-0.3565924823819062,0.56353591160221,16,0.0,0.0,2.8,2.8,80,1.2
a12_r630.02_r1260.0_s2.8_t2.8_h80_v1.2,False,6.2559919314591,70,4.320821643204819,0.01652892561983471,16,0.8163457617798553,0.2066115702479339,9,1.2884058241320677,0.11602209944751381,12,0.02,0.0,2.8,2.8,80,1.2
a16_r630.02_r1260.0_s2.8_t2.8_h120_v1.2,False,6.252560011884938,66,4.408745283966884,0.024793388429752067,15,0.6403073738936299,0.24793388429752067,9,1.395119609172591,0.11049723756906077,16,0.02,0.0,2.8,2.8,120,1.2
a16_r630.02_r1260.0_s2.2_t2.8_h80_v1.2,False,6.251912368155785,66,4.515317350092352,0.01652892561983471,15,0.6685368944418337,0.24793388429752067,9,1.2665878711217133,0.13259668508287292,16,0.02,0.0,2.2,2.8,80,1.2
a8_r630.02_r1260.03_s2.2_t2.8_h120_v1.2,False,6.25168976323043,70,4.502381857485414,0.01652892561983471,16,0.6735122607371642,0.256198347107438,9,1.2812200548521515,0.13812154696132597,8,0.02,0.03,2.2,2.8,120,1.2
a8_r630.0_r1260.0_s2.2_t3.4_h120_v1.5,False,6.222005439669072,63,5.273781638936802,0.01652892561983471,14,1.0066765177965977,0.12396694214876033,10,0.1913532278696936,0.35911602209944754,8,0.0,0.0,2.2,3.4,120,1.5
a12_r630.02_r1260.03_s2.2_t2.8_h120_v1.2,False,6.153807496189755,70,4.46191333261487,0.01652892561983471,16,0.79781705814488,0.21487603305785125,9,1.0871276510671906,0.15469613259668508,12,0.02,0.03,2.2,2.8,120,1.2
a12_r630.02_r1260.03_s2.8_t2.8_h120_v1.5,False,6.147775785930755,70,4.314806069920654,0.01652892561983471,16,0.873424095263935,0.14049586776859505,9,1.1181685146779499,0.16022099447513813,12,0.02,0.03,2.8,2.8,120,1.5
a12_r630.02_r1260.0_s2.2_t2.8_h80_v1.2,False,6.131379591501144,70,3.72692975285741,0.03305785123966942,16,1.0673859928732095,0.1487603305785124,9,1.47217183170724,0.08839779005524862,12,0.02,0.0,2.2,2.8,80,1.2
a8_r630.0_r1260.03_s2.8_t2.8_h80_v1.5,False,6.06274396384946,71,5.4804949971273285,0.01652892561983471,16,0.7969191348449405,0.15702479338842976,12,0.08481387370176578,0.425414364640884,8,0.0,0.03,2.8,2.8,80,1.5
a16_r630.02_r1260.0_s2.8_t2.8_h120_v1.5,False,6.060320762138081,66,4.490623752181823,0.024793388429752067,15,0.5735557242097677,0.23140495867768596,9,1.2043509565377786,0.16022099447513813,16,0.02,0.0,2.8,2.8,120,1.5
a16_r630.02_r1260.0_s2.2_t2.8_h80_v1.5,False,6.005290964598149,66,4.390657147180883,0.024793388429752067,15,0.6662007752822173,0.21487603305785125,9,1.134566095420288,0.13259668508287292,16,0.02,0.0,2.2,2.8,80,1.5
a12_r630.02_r1260.0_s2.2_t2.8_h120_v1.2,False,6.003418056342166,70,3.9840116924136906,0.01652892561983471,16,1.040723896164781,0.17355371900826447,9,1.1427845635584077,0.13812154696132597,12,0.02,0.0,2.2,2.8,120,1.2
a8_r630.0_r1260.0_s2.8_t2.8_h80_v1.2,False,5.991258929643985,71,5.934767720668083,0.008264462809917356,16,0.7642489818411061,0.23140495867768596,13,-0.2951053825633918,0.585635359116022,8,0.0,0.0,2.8,2.8,80,1.2
a8_r630.0_r1260.03_s2.8_t3.4_h120_v1.2,False,5.945115072412163,62,4.701220401482388,0.024793388429752067,14,1.1189925565206524,0.1322314049586777,9,0.36916036745692893,0.3314917127071823,8,0.0,0.03,2.8,3.4,120,1.2
a8_r630.0_r1260.0_s2.2_t2.8_h80_v1.2,False,5.908304199031897,71,5.830313911407628,0.008264462809917356,16,0.720429274696593,0.23140495867768596,13,-0.2518860442843236,0.5414364640883977,8,0.0,0.0,2.2,2.8,80,1.2
a8_r630.0_r1260.0_s2.2_t2.8_h120_v1.2,False,5.871855599890669,71,5.736019867816594,0.008264462809917356,16,1.0193011904173226,0.15702479338842976,13,-0.47209154847611895,0.6574585635359116,8,0.0,0.0,2.2,2.8,120,1.2
a12_r630.0_r1260.0_s2.2_t2.8_h80_v1.5,False,5.844778051077815,71,5.774140784281361,0.008264462809917356,16,0.9488170945664923,0.17355371900826447,13,-0.46406631697144457,0.6464088397790055,12,0.0,0.0,2.2,2.8,80,1.5
a12_r630.0_r1260.0_s2.8_t2.8_h80_v1.5,False,5.803261374739352,71,5.735458576963474,0.01652892561983471,16,0.81623134667249,0.19834710743801653,13,-0.356460145627354,0.569060773480663,12,0.0,0.0,2.8,2.8,80,1.5
a16_r630.0_r1260.03_s2.2_t2.8_h80_v1.5,False,5.798308576072987,66,5.479179428095712,0.008264462809917356,15,0.5807959042045944,0.256198347107438,12,0.06393481447721483,0.3867403314917127,16,0.0,0.03,2.2,2.8,80,1.5
a8_r630.0_r1260.03_s2.2_t2.8_h80_v1.2,False,5.7805902827697295,71,4.986105558395656,0.008264462809917356,16,0.952872580547765,0.1652892561983471,12,0.13557132377242914,0.4143646408839779,8,0.0,0.03,2.2,2.8,80,1.2
a12_r630.02_r1260.0_s2.8_t2.8_h80_v1.5,False,5.749708754878078,70,3.9219261225938316,0.024793388429752067,16,0.8278518560283427,0.2231404958677686,9,1.2040082156422343,0.16022099447513813,12,0.02,0.0,2.8,2.8,80,1.5
a8_r630.0_r1260.0_s2.2_t3.4_h80_v1.2,False,5.664657660037999,63,4.588000315047559,0.01652892561983471,14,1.1095468391570782,0.15702479338842976,10,0.23068294544799156,0.35359116022099446,8,0.0,0.0,2.2,3.4,80,1.2
a12_r630.0_r1260.0_s2.2_t2.8_h80_v1.2,False,5.656218939620757,71,5.737002818050187,0.008264462809917356,16,0.6773316150515015,0.21487603305785125,13,-0.3592524278674891,0.574585635359116,12,0.0,0.0,2.2,2.8,80,1.2
a16_r630.0_r1260.0_s2.2_t2.8_h80_v1.2,False,5.649821667509485,66,5.718983178058552,0.008264462809917356,15,0.7333298947115835,0.2066115702479339,13,-0.38566112353835375,0.6187845303867403,16,0.0,0.0,2.2,2.8,80,1.2
a16_r630.02_r1260.0_s2.2_t2.8_h120_v1.5,False,5.6465347876797525,66,4.038057257902209,0.03305785123966942,15,0.6479858415533742,0.19834710743801653,9,1.148017371982901,0.143646408839779,16,0.02,0.0,2.2,2.8,120,1.5
a8_r630.02_r1260.03_s2.2_t2.8_h80_v1.5,False,5.5845561545820726,70,3.6352097169642548,0.01652892561983471,16,0.8962033808123421,0.18181818181818182,9,1.2269022458835999,0.14917127071823205,8,0.02,0.03,2.2,2.8,80,1.5
a16_r630.0_r1260.03_s2.8_t2.8_h120_v1.5,False,5.524521696622285,66,5.4946777399641,0.01652892561983471,15,0.41774627294155786,0.2727272727272727,12,-0.01675488009324486,0.4530386740331492,16,0.0,0.03,2.8,2.8,120,1.5
a8_r630.0_r1260.03_s2.2_t2.8_h80_v1.5,False,5.4311292054939155,71,4.441331832575658,0.024793388429752067,16,1.0930454300152481,0.1322314049586777,12,0.16587207440385418,0.3812154696132597,8,0.0,0.03,2.2,2.8,80,1.5
a12_r630.0_r1260.03_s2.2_t2.8_h80_v1.2,False,5.390620823168144,71,4.561945562047483,0.01652892561983471,16,0.8765063614854519,0.18181818181818182,12,0.2447126191000732,0.3867403314917127,12,0.0,0.03,2.2,2.8,80,1.2
a12_r630.0_r1260.03_s2.8_t3.4_h120_v1.5,False,5.3697143852700675,62,4.346758801568265,0.024793388429752067,14,0.8039413215001415,0.2066115702479339,9,0.4977001669548682,0.3259668508287293,12,0.0,0.03,2.8,3.4,120,1.5
a8_r630.0_r1260.03_s2.8_t2.8_h120_v1.5,False,5.355731066922186,71,4.621005074226967,0.01652892561983471,16,1.0224529094501273,0.1652892561983471,12,0.021414218353077018,0.43646408839779005,8,0.0,0.03,2.8,2.8,120,1.5
a16_r630.0_r1260.0_s2.8_t2.8_h80_v1.5,False,5.350155197601516,66,5.678710355914012,0.01652892561983471,15,0.47868653264604705,0.2809917355371901,13,-0.35737638800434046,0.6022099447513812,16,0.0,0.0,2.8,2.8,80,1.5
a12_r630.0_r1260.0_s2.2_t2.8_h120_v1.2,False,5.340962817476387,71,5.158028349609901,0.01652892561983471,16,0.8673561393577762,0.2066115702479339,13,-0.2938458986955272,0.5580110497237569,12,0.0,0.0,2.2,2.8,120,1.2
a16_r630.0_r1260.03_s2.8_t3.4_h120_v1.2,False,5.291864093430822,57,4.253739100511652,0.01652892561983471,13,0.8348084693745861,0.2066115702479339,9,0.4723453350143796,0.3149171270718232,16,0.0,0.03,2.8,3.4,120,1.2
a16_r630.02_r1260.03_s2.2_t2.8_h80_v1.5,False,5.285677137458158,66,3.798786371086708,0.01652892561983471,15,0.5305921740694413,0.24793388429752067,9,1.168640494498256,0.16022099447513813,16,0.02,0.03,2.2,2.8,80,1.5
a12_r630.02_r1260.03_s2.8_t2.8_h80_v1.2,False,5.078865684349143,70,3.486647914084414,0.03305785123966942,16,0.6235673714365964,0.2892561983471074,9,1.1988681971021833,0.13812154696132597,12,0.02,0.03,2.8,2.8,80,1.2
a12_r630.02_r1260.03_s2.2_t2.8_h120_v1.5,False,5.053700529142363,70,3.4075595661299785,0.03305785123966942,16,0.7977763340767678,0.19834710743801653,9,1.0469400364512553,0.16574585635359115,12,0.02,0.03,2.2,2.8,120,1.5
a8_r630.0_r1260.03_s2.8_t2.8_h120_v1.2,False,5.047907723454731,71,4.0850659817656325,0.01652892561983471,16,0.9228045598747023,0.1487603305785124,12,0.28842766626716115,0.3314917127071823,8,0.0,0.03,2.8,2.8,120,1.2
a8_r630.0_r1260.0_s2.8_t2.8_h120_v1.2,False,4.944651079922581,71,4.532668814824527,0.024793388429752067,16,1.0340299612782151,0.1322314049586777,13,-0.2811043602594275,0.5248618784530387,8,0.0,0.0,2.8,2.8,120,1.2
a16_r630.0_r1260.03_s2.8_t2.8_h120_v1.2,False,4.934559449655561,66,4.945047763964713,0.01652892561983471,15,0.32554500435651346,0.36363636363636365,12,0.07780623203978174,0.44751381215469616,16,0.0,0.03,2.8,2.8,120,1.2
a12_r630.0_r1260.03_s2.8_t2.8_h80_v1.2,False,4.930252060000256,71,4.050243236779635,0.01652892561983471,16,0.9508093583364731,0.19008264462809918,12,0.22587541575397074,0.3867403314917127,12,0.0,0.03,2.8,2.8,80,1.2
a8_r630.0_r1260.0_s2.2_t2.8_h120_v1.5,False,4.914549723859448,71,4.75220122800938,0.024793388429752067,16,0.8228576372316457,0.15702479338842976,13,-0.27678237091447533,0.585635359116022,8,0.0,0.0,2.2,2.8,120,1.5
a16_r630.0_r1260.0_s2.8_t2.8_h120_v1.2,False,4.846877261465191,66,4.762004570892231,0.024793388429752067,15,0.8334836523052137,0.19008264462809918,13,-0.3455928347060907,0.5911602209944752,16,0.0,0.0,2.8,2.8,120,1.2
a16_r630.02_r1260.03_s2.8_t3.4_h120_v1.2,False,4.841323083307005,57,2.5800280139610674,0.01652892561983471,13,0.737333525243002,0.18181818181818182,6,1.6645715619103416,0.08287292817679558,16,0.02,0.03,2.8,3.4,120,1.2
a12_r630.0_r1260.03_s2.2_t2.8_h120_v1.2,False,4.827869186527995,71,3.9079957262779006,0.01652892561983471,16,0.8774828295771664,0.18181818181818182,12,0.2934978860493942,0.30386740331491713,12,0.0,0.03,2.2,2.8,120,1.2
a16_r630.0_r1260.0_s2.8_t3.4_h80_v1.2,False,4.727613250002417,57,4.473485491685067,0.024793388429752067,13,0.7415104369987232,0.256198347107438,10,-0.1148426120177506,0.46408839779005523,16,0.0,0.0,2.8,3.4,80,1.2
a12_r630.0_r1260.0_s2.8_t2.8_h120_v1.2,False,4.714669353449524,71,4.081447961665695,0.01652892561983471,16,1.211670541489488,0.1322314049586777,13,-0.23887561425065745,0.5303867403314917,12,0.0,0.0,2.8,2.8,120,1.2
a12_r630.0_r1260.0_s2.8_t2.8_h80_v1.2,False,4.708543712361439,71,4.500879632769491,0.01652892561983471,16,0.8722277469047091,0.1487603305785124,13,-0.3084383762301625,0.5469613259668509,12,0.0,0.0,2.8,2.8,80,1.2
a12_r630.0_r1260.03_s2.8_t2.8_h120_v1.5,False,4.582036984085841,71,3.7389568231783747,0.03305785123966942,16,1.1381110495455093,0.1652892561983471,12,0.027899571158312726,0.44751381215469616,12,0.0,0.03,2.8,2.8,120,1.5
a16_r630.0_r1260.03_s2.2_t2.8_h80_v1.2,False,4.477318749179682,66,4.492294089121786,0.024793388429752067,15,0.3243915986645938,0.32231404958677684,12,0.05518125553968933,0.4419889502762431,16,0.0,0.03,2.2,2.8,80,1.2
a12_r630.0_r1260.03_s2.2_t2.8_h80_v1.5,False,4.288674841037096,71,3.2608647130454402,0.04132231404958678,16,0.8775836619048827,0.18181818181818182,12,0.4137304156781156,0.30386740331491713,12,0.0,0.03,2.2,2.8,80,1.5
a16_r630.0_r1260.03_s2.8_t2.8_h80_v1.5,False,4.225548492655889,66,3.73626780182209,0.01652892561983471,15,0.5962226955106928,0.256198347107438,12,0.21450450461491977,0.3701657458563536,16,0.0,0.03,2.8,2.8,80,1.5
a16_r630.0_r1260.0_s2.2_t2.8_h120_v1.5,False,4.121222085319841,66,4.104273074785738,0.01652892561983471,15,0.6014172988669253,0.2809917355371901,13,-0.18985160416314836,0.49171270718232046,16,0.0,0.0,2.2,2.8,120,1.5
a12_r630.0_r1260.0_s2.8_t2.8_h120_v1.5,False,4.067146574104009,71,4.11979143060649,0.024793388429752067,16,0.782387590103918,0.2231404958677686,13,-0.4044356702034952,0.6132596685082873,12,0.0,0.0,2.8,2.8,120,1.5
a12_r630.02_r1260.0_s2.2_t2.8_h120_v1.5,False,3.8963942462159524,70,2.067959095602384,0.024793388429752067,16,0.8010115137643836,0.17355371900826447,9,1.1928955331096298,0.13259668508287292,12,0.02,0.0,2.2,2.8,120,1.5
a12_r630.0_r1260.0_s2.2_t2.8_h120_v1.5,False,3.7369974209618917,71,3.638102558624898,0.01652892561983471,16,0.9075098954824093,0.21487603305785125,13,-0.3973324433093351,0.5911602209944752,12,0.0,0.0,2.2,2.8,120,1.5
a8_r630.0_r1260.0_s2.8_t2.8_h80_v1.5,False,3.2703379624958093,71,3.316917150244056,0.024793388429752067,16,0.6359190445241372,0.2231404958677686,13,-0.2933379199578775,0.5303867403314917,8,0.0,0.0,2.8,2.8,80,1.5
a16_r630.0_r1260.0_s2.2_t2.8_h80_v1.5,False,3.1795429211854738,66,3.3594789487669727,0.024793388429752067,15,0.552382319339816,0.2396694214876033,13,-0.31831898616153254,0.56353591160221,16,0.0,0.0,2.2,2.8,80,1.5
a16_r630.0_r1260.0_s2.8_t2.8_h120_v1.5,False,3.0159761756098726,66,3.3832330319313195,0.024793388429752067,15,0.46245879827079195,0.2727272727272727,13,-0.37985035163803593,0.6022099447513812,16,0.0,0.0,2.8,2.8,120,1.5
