signal_date,signal_close,asset_ticker,strategy_name,entry_date,exit_date,entry_reference_open,exit_reference_open,entry_price,exit_price,entry_reason,shares,entry_commission,exit_commission,entry_slippage_bps,exit_slippage_bps,capital_before,capital_after,capital_deployed,capital_deployed_fraction,position_value,position_value_fraction,liquidity_cap_shares,gross_pnl,net_pnl,gross_return,net_position_return,return,holding_bars,holding_period_days,holding_period_hours,regime_at_entry,stop_loss_used,take_profit_used,exit_reason,timeframe_label,data_interval
1994-09-01,27.12471389770508,SPY,adx_trend_following,1994-09-02,1994-09-21,27.24964415944367,26.607443214067956,27.254289899627857,26.601263517186023,adx_di_trend_following,3667.0,18.335,18.335,1.2048810461544268,1.8230839685273033,100000.0,97568.6822555858,99959.81606193536,0.9995981606193536,99941.48106193535,0.9994148106193536,17182.0,-2394.6477444142033,-2431.3177444142034,-0.023960498873637878,-0.024327413588232462,-0.024313177444142034,12,19,456.0,neutral,26.428758447703647,27.885908120412605,trend_reversal,Daily,1d
1995-02-03,27.814918518066406,SPY,adx_trend_following,1995-02-06,1995-03-15,27.805883589245024,28.66548727678131,27.812988373447727,28.65843286397731,adx_di_trend_following,3506.0,17.53,17.53,2.0551370018146335,1.9615486958011557,97568.6822555858,100497.75063938252,97529.86723730773,0.9996021774878912,97512.33723730773,0.9994225091804513,6176.75,2964.1283837967203,2929.06838379672,0.03039747038965096,0.030037926141268545,0.03002057951468368,26,37,888.0,calm,26.756250915757143,28.61766205383661,take_profit,Daily,1d
1995-03-15,28.65643882751465,SPY,adx_trend_following,1995-03-16,1995-03-30,28.629284247466025,29.41197532748584,28.633534029389246,29.40289797316572,adx_di_trend_following,3508.0,17.54,17.54,0.9844178032827742,2.587231173065032,100497.75063938252,103161.5993541504,100463.97737509747,0.9996639400974632,100446.43737509748,0.999489408827973,12703.75,2698.9287147678774,2663.8487147678775,0.02686933240538197,0.026520091547102442,0.026506550622477143,10,14,336.0,neutral,27.92350789716167,29.4630058853281,take_profit,Daily,1d
1995-03-30,29.29370880126953,SPY,adx_trend_following,1995-03-31,1995-05-04,29.06626694218035,30.476371808485553,29.071631112014806,30.469150271675726,adx_di_trend_following,3547.0,17.735,17.735,1.345496652572858,1.870114278027804,103161.5993541504,108083.12981346768,103134.81055431651,0.9997403219802562,103117.07555431651,0.9995684072357095,8163.75,4957.0004593172835,4921.530459317284,0.04807157721134365,0.04772759926385701,0.04770700037735777,23,34,816.0,neutral,28.629284247466025,30.153092563747936,take_profit,Daily,1d
1995-05-04,30.42178726196289,SPY,adx_trend_following,1995-05-05,1995-06-02,30.54916209946136,31.022223635947075,30.555308363955834,31.017824170028476,adx_di_trend_following,3536.0,17.68,17.68,1.5119257197522074,0.9183670313172932,108083.12981346768,109683.22570374054,108061.25037494782,0.999797568422032,108043.57037494783,0.9996339906275094,14527.5,1635.4558902728597,1600.0958902728596,0.015137003382961828,0.014809728008061787,0.0148043075088068,19,28,672.0,neutral,29.366478538336633,31.309886384652938,take_profit,Daily,1d
1995-07-05,32.1011962890625,SPY,adx_trend_following,1995-07-06,1995-07-28,32.1103288042287,33.20840375118377,32.11600160609332,33.197874008775464,adx_di_trend_following,3414.0,17.07,17.07,1.2666595378707373,2.6718122689202284,109683.22570374054,113342.59808649738,109661.0994832026,0.9997982716099388,109644.0294832026,0.999642641613734,12159.25,3693.5123827568405,3659.37238275684,0.03368639770141506,0.03337502643787325,0.03336309959228382,16,22,528.0,neutral,31.554729498306738,33.194129870574024,take_profit,Daily,1d
1995-09-13,34.105220794677734,SPY,adx_trend_following,1995-09-14,1995-10-10,34.22417585661486,33.75365770471241,34.23043447187483,33.7455756934878,adx_di_trend_following,3310.0,16.55,16.55,1.3287117522381051,1.894983952272773,113342.59808649738,111704.61553003632,113319.2881019057,0.9997943404775855,113302.73810190569,0.9996483230024313,15795.0,-1604.8825564610647,-1637.9825564610646,-0.014164552272493329,-0.014456689960906731,-0.014451605875586498,18,26,624.0,calm,32.659384859704616,34.98847475560506,trend_reversal,Daily,1d
1995-11-30,35.860408782958984,SPY,adx_trend_following,1995-12-01,1995-12-07,35.906402587890625,36.624009485232726,35.916085435412924,36.61882413754503,adx_di_trend_following,3109.0,15.545,15.545,2.1966910702344813,0.9160333680332745,111704.61553003632,113858.34015496504,111678.65461869878,0.9997675932080841,111663.10961869879,0.9996284315456386,21065.0,2184.814624928727,2153.724624928727,0.01956612736640879,0.019287700586909592,0.01928053388581433,4,6,144.0,neutral,34.802462557592634,36.807630670220924,take_profit,Daily,1d
1995-12-07,36.47681427001953,SPY,adx_trend_following,1995-12-08,1996-01-10,36.63317327945301,35.95250494769615,36.63736735987058,35.947016846819025,adx_di_trend_following,3106.0,15.530000000000001,15.530000000000001,0.6448859168095971,1.026719421672466,113858.34015496504,111683.05146142692,113811.19301975802,0.9995859140828608,113795.66301975802,0.999449516520953,21713.75,-2144.228693538131,-2175.2886935381316,-0.018842798017406296,-0.019115743393141812,-0.01910522049221419,21,33,792.0,neutral,35.41881884790646,37.49099113938019,trend_reversal,Daily,1d
1996-02-06,38.36848068237305,SPY,adx_trend_following,1996-02-07,1996-03-11,38.359207808471005,37.470589086801226,38.37221296628832,37.46619303372312,adx_di_trend_following,2909.0,14.545,14.545,2.8903614178518904,0.6733386079937166,111683.05146142692,109018.34947759475,111639.31251893273,0.9996083654420089,111624.76751893273,0.9994781308199273,22441.5,-2635.611983832169,-2664.701983832169,-0.02361135474154642,-0.0238719599875557,-0.023859501947370264,22,33,792.0,neutral,36.2117022250148,39.796770051519395,trend_reversal,Daily,1d
1996-09-27,41.3006477355957,SPY,adx_trend_following,1996-09-30,1996-10-22,41.35700438105126,42.7286833231428,41.36342127622848,42.72043415561117,adx_di_trend_following,2634.0,13.17,13.17,1.0515860670422992,1.4309652850402408,109018.34947759475,112566.38140188876,108964.42164158581,0.9995053324851517,108951.25164158581,0.999384527133914,45347.0,3574.3719242940156,3548.0319242940154,0.03280707537029989,0.03256531587141272,0.03254527280311834,16,22,528.0,neutral,40.47758039670912,42.946782413368865,take_profit,Daily,1d
1996-10-22,42.46562194824219,SPY,adx_trend_following,1996-10-23,1996-11-08,42.37168345929769,43.91243606213434,42.384369987689965,43.9006275082151,adx_di_trend_following,2655.0,13.275,13.275,2.494105345013515,2.189837159396187,112566.38140188876,116565.495118883,112543.77731731685,0.9997991932911905,112530.50231731686,0.9996812628768459,33019.0,4025.663716994239,3999.113716994239,0.03577397802457642,0.03553804199431563,0.03552671470104783,12,16,384.0,neutral,41.67901783307694,44.03883017857269,take_profit,Daily,1d
1996-11-08,44.14731216430664,SPY,adx_trend_following,1996-11-11,1996-11-27,44.043986765435264,45.73508435897245,44.04994723715055,45.725405416239774,adx_di_trend_following,2645.0,13.225,13.225,0.8532997698483653,1.6167538362023253,116565.495118883,120970.632002574,116525.33544226321,0.9996554754339709,116512.1104422632,0.9995420199042148,42855.5,4431.586883691003,4405.136883691002,0.03803541852318473,0.03780840349530823,0.03779108799905396,12,16,384.0,neutral,41.9113215308056,45.91049623581572,take_profit,Daily,1d
1996-11-27,45.53778839111328,SPY,adx_trend_following,1996-11-29,1996-12-09,45.69751794546505,44.90832768680147,45.70760247439498,44.90333809178407,adx_di_trend_following,2646.0,13.23,13.23,1.7068001465557128,0.6111857669029009,120970.632002574,118816.08844618553,120955.54614724912,0.9998752932420444,120942.31614724912,0.999765927854917,59356.5,-2128.0835563884675,-2154.5435563884676,-0.017595855811108275,-0.017814637796131485,-0.017810467885648672,6,10,240.0,neutral,43.90305349791819,47.259649304494474,stop_loss,Daily,1d
1997-06-10,52.817386627197266,SPY,adx_trend_following,1997-06-11,1997-07-07,52.77001245090964,56.248401008679224,52.781612198690425,56.23931520274062,adx_di_trend_following,2250.0,11.25,11.25,1.6981703702600672,1.1155612680991847,118816.08844618553,126573.42020529848,118769.87744705346,0.999611071196364,118758.62744705346,0.9995163870492328,70471.0,7779.831759112939,7757.331759112939,0.06550961329172861,0.06532015337219534,0.06528856370007845,17,26,624.0,neutral,50.419632741945605,55.733081507230935,take_profit,Daily,1d
1997-10-14,59.28129196166992,SPY,adx_trend_following,1997-10-15,1997-10-20,58.86115714231152,57.96352002511617,58.87392764001824,57.94800957110619,adx_di_trend_following,2149.0,10.745000000000001,10.745000000000001,1.6695967810897436,2.1766154911566704,126573.42020529848,124562.13227520649,126530.81549839918,0.9996633992600485,126520.07049839919,0.9995785078193135,162334.5,-1989.797930091989,-2011.2879300919888,-0.015727132637956956,-0.015896987111759766,-0.01589028665599568,3,5,120.0,neutral,57.600823549967366,62.642228785075034,stop_loss,Daily,1d
1998-02-10,62.73849105834961,SPY,adx_trend_following,1998-02-11,1998-03-17,62.642639588419904,66.45832236580418,62.65775598235866,66.45110647275438,adx_di_trend_following,1987.0,9.935,9.935,1.9131157368330773,0.5858950938268108,124562.13227520649,132079.64969962277,124510.89613694666,0.9995886700289729,124500.96113694666,0.9995089106364631,232281.75,7537.38742441629,7517.517424416289,0.06054079707967419,0.06038119991818606,0.06035154735314864,23,34,816.0,neutral,58.69265875211644,66.38002906243784,take_profit,Daily,1d
1998-03-17,66.6117172241211,SPY,adx_trend_following,1998-03-18,1998-04-07,66.4199594202854,68.76449959768377,66.43084986220917,68.74222466468304,adx_di_trend_following,1987.0,9.935,9.935,1.1396339321531683,2.7403567253449896,132079.64969962277,136652.48143213833,132008.03367620963,0.9994577815463925,131998.09867620963,0.9993825617829953,197898.75,4592.7017325155675,4572.831732515567,0.034793696110588926,0.0346431636392937,0.03462177362610485,14,20,480.0,neutral,63.294518740823605,69.60139352711741,take_profit,Daily,1d
1998-07-14,72.7257080078125,SPY,adx_trend_following,1998-07-15,1998-07-24,72.88003494218091,70.97022951116173,72.89179659813855,70.95184390836276,adx_di_trend_following,1874.0,9.370000000000001,9.370000000000001,1.1138378592958913,2.0912790684787743,136652.48143213833,132998.2700914985,136608.59682491166,0.999678859785298,136599.22682491166,0.9996102916927043,292120.5,-3635.4713406398373,-3654.211340639837,-0.02661414288456891,-0.026751332533702283,-0.02674090731718267,7,9,216.0,neutral,69.79350514735428,76.20389319455295,trend_reversal,Daily,1d
1999-07-01,86.25946807861328,SPY,adx_trend_following,1999-07-02,1999-07-23,86.31803336845762,85.40017182436218,86.34566216150851,85.3825085302985,adx_di_trend_following,1540.0,7.7,7.7,2.7008135464535616,1.5687251250558536,132998.2700914985,131499.61349943507,132980.01972872313,0.9998627774424222,132972.31972872312,0.9998048819525431,377169.75,-1483.2565920634302,-1498.6565920634303,-0.011154626730506188,-0.011270440307583113,-0.011268241241276318,14,21,504.0,neutral,81.6506282251121,91.89757604289066,trend_reversal,Daily,1d
1999-12-03,90.14502716064452,SPY,adx_trend_following,1999-12-06,2000-01-05,89.94917176134557,87.91231213637761,89.97098857210247,87.885550603087,adx_di_trend_following,1461.0,7.305,7.305,1.9254598824757456,2.54504359442124,131499.61349943507,128438.17862670346,131454.9193038417,0.9996601191866351,131447.61430384172,0.9996045676925616,307782.25,-3046.824872731606,-3061.4348727316055,-0.023179004722663567,-0.02329015166190149,-0.023280941983489234,21,30,720.0,neutral,87.10950323271328,95.5310534853368,trend_reversal,Daily,1d
2003-05-12,62.220191955566406,SPY,adx_trend_following,2003-05-13,2003-05-21,61.990652008144245,60.40365776518134,62.00629074574538,60.392095523216376,adx_di_trend_following,2071.0,10.355,10.355,2.0227573988211165,1.414529023176526,128438.17862670346,125074.4703208459,128425.38313443869,0.9999003762557085,128415.02813443869,0.999819753810648,2209899.0,-3342.9983058575704,-3363.7083058575704,-0.026032765435816122,-0.026194039394953666,-0.02618931801916899,6,8,192.0,neutral,59.216713820369066,66.42430641100475,trend_reversal,Daily,1d
2003-05-27,62.56121444702149,SPY,adx_trend_following,2003-05-28,2003-06-17,62.85629473924641,66.93524816569915,62.86292216599728,66.92551759254553,adx_di_trend_following,1989.0,9.945,9.945,0.5543775732197529,0.9539406647355013,125074.4703208459,133135.08262425035,125044.2971881686,0.9997587586611408,125034.35218816859,0.9996792460317889,2102838.25,8080.502303404467,8060.612303404468,0.06462625800023208,0.06446718171717937,0.0644465036128242,14,20,480.0,neutral,60.06266189966222,66.62047791060411,take_profit,Daily,1d
2003-06-17,66.6663818359375,SPY,adx_trend_following,2003-06-18,2003-06-30,66.42370578726637,64.64316908481237,66.44684929604881,64.62233699998897,adx_di_trend_following,2003.0,10.015,10.015,2.9842242702565596,2.723666272454381,133135.08262425035,129460.5544952425,133103.0541399858,0.999759428667236,133093.03913998578,0.999684204317631,2155647.5,-3654.4981290078526,-3674.5281290078524,-0.027458221351186463,-0.02760871757645435,-0.027599998862647964,8,12,288.0,neutral,63.51203329019401,70.71381158703753,trend_reversal,Daily,1d
2003-09-08,68.23661804199219,SPY,adx_trend_following,2003-09-09,2003-09-25,68.03260138606623,66.99882168618781,68.03950519848185,66.97766497754576,adx_di_trend_following,1902.0,9.51,9.51,0.5147800135459666,2.6587707109727567,129460.5544952425,127421.91439502205,129420.64888751246,0.999691754697903,129411.13888751247,0.9996182960290669,1682130.75,-2019.6201002204448,-2038.6401002204448,-0.0156062307895764,-0.01575320422759345,-0.01574719116698486,12,16,384.0,calm,65.0445974980285,71.54678425530388,trend_reversal,Daily,1d
2003-10-10,69.0865707397461,SPY,adx_trend_following,2003-10-13,2003-10-27,69.17907408487069,68.53823536727978,69.19186239768013,68.53045981554628,adx_di_trend_following,1841.0,9.205,9.205,1.348581088806664,0.6346125145574312,127421.91439502205,126185.86224131363,127391.42367412911,0.9997607105415289,127382.21867412911,0.9996884702205158,1963367.75,-1217.6421537084102,-1236.05215370841,-0.009558964872667186,-0.009703490538742265,-0.009700467612474504,10,14,336.0,neutral,65.57179453211697,72.4403942188359,trend_reversal,Daily,1d
2003-10-30,69.63494873046875,SPY,adx_trend_following,2003-10-31,2003-11-18,69.63494447451265,69.52922945983825,69.65888148904399,69.5187847280256,adx_di_trend_following,1811.0,9.055,9.055,2.9375003400909754,1.002433026341492,126185.86224131363,125914.03700710932,126161.28937665866,0.9998052645183977,126152.23437665867,0.9997335052908649,1738875.5,-253.7152342043193,-271.8252342043193,-0.0020111830397453747,-0.0021547397519152763,-0.002154165525171828,12,18,432.0,calm,67.50756717021802,72.96903124532597,trend_reversal,Daily,1d
2003-12-01,71.08842468261719,SPY,adx_trend_following,2003-12-02,2004-01-05,70.9430648053106,74.13923130892456,70.9620272532774,74.11684738829122,adx_di_trend_following,1774.0,8.870000000000001,8.870000000000001,2.172910737482112,2.5200853681871065,125914.03700710932,131492.94792662383,125895.5063473141,0.9998528308659171,125886.63634731411,0.9997823859797803,1673383.0,5596.650919514519,5578.910919514519,0.04445786369312209,0.04431694325458518,0.044307299266399695,22,34,816.0,calm,68.45893734822154,74.10041524970535,take_profit,Daily,1d
2004-01-05,74.63707733154297,SPY,adx_trend_following,2004-01-06,2004-01-28,74.45122633215806,76.32315065331382,74.47169821725612,76.30804251294049,adx_di_trend_following,1765.0,8.825000000000001,8.825000000000001,2.2497042166525216,1.4798883414891697,131492.94792662383,134716.44560850674,131451.37235345706,0.9996838189893653,131442.54735345705,0.9996167051240276,1487908.5,3241.147681882913,3223.497681882913,0.02465828414879444,0.02452400494959011,0.02451460502415461,15,22,528.0,calm,71.61034786762711,77.290535071538,take_profit,Daily,1d
2004-02-11,77.04666900634766,SPY,adx_trend_following,2004-02-12,2004-02-25,76.98030512253061,75.97796373012264,76.99768921994246,75.96260636935428,adx_di_trend_following,1749.0,8.745000000000001,8.745000000000001,1.7582525990476847,1.521700084075726,134716.44560850674,132888.595702828,134677.70344567936,0.9997124169758757,134668.95844567937,0.9996475028522845,1795246.5,-1810.3599056787307,-1827.8499056787305,-0.013443037850544935,-0.01357291187795159,-0.013568127465228418,8,13,312.0,calm,74.71675840665162,80.20258172968659,trend_reversal,Daily,1d
2004-03-05,77.25242614746094,SPY,adx_trend_following,2004-03-08,2004-03-11,77.22587991596214,74.61053604474647,77.25034295395895,74.59154507724449,adx_di_trend_following,1720.0,8.6,8.6,2.667725382143372,2.0459946542619334,132888.595702828,128298.26335487912,132879.1898808094,0.9999292202467123,132870.5898808094,0.9998645043848693,1791226.5,-4573.132347948869,-4590.33234794887,-0.03441794269184148,-0.03454739195533484,-0.0345427109352107,3,3,72.0,calm,75.02869653410903,80.45287654359407,stop_loss,Daily,1d
2004-04-05,76.78387451171875,SPY,adx_trend_following,2004-04-06,2004-04-14,76.49077859191775,75.01196579889721,76.51019061521212,74.99618119924774,adx_di_trend_following,1676.0,8.38,8.38,2.037825297600849,1.6047204533675625,128298.26335487912,125744.02357372282,128239.45947109553,0.9995416626675535,128231.07947109552,0.9994763461170338,2580166.5,-2537.479781156302,-2554.2397811563023,-0.019788336740378717,-0.019919038283788694,-0.01990860760204644,5,8,192.0,neutral,72.50731425995986,80.16753507793248,trend_reversal,Daily,1d
2004-06-07,76.4041748046875,SPY,adx_trend_following,2004-06-08,2004-07-02,76.18435915702516,75.65349254020663,76.19281392450806,75.64590629276913,adx_di_trend_following,1650.0,8.25,8.25,0.6097773317849238,0.5028629187340581,125744.02357372282,124825.12598135359,125726.3929754383,0.9998597897714464,125718.1429754383,0.9997941802914446,2324198.25,-902.3975923692383,-918.8975923692383,-0.00717794242749466,-0.007309188400506078,-0.0073076840254797095,17,24,576.0,calm,72.9203867711603,79.9444537480193,trend_reversal,Daily,1d
2004-11-03,77.19026184082031,SPY,adx_trend_following,2004-11-04,2004-12-02,77.05597180946465,80.19313993410312,77.07523594691517,80.18253710054738,adx_di_trend_following,1619.0,8.095,8.095,2.0000187523636876,0.8223369999423298,124825.12598135359,129839.65654908413,124792.90199805566,0.9997418469795677,124784.80699805566,0.9996769962539117,2597118.25,5030.720567730543,5014.530567730542,0.04031516887956504,0.040185425520661955,0.040172445477680625,19,28,672.0,neutral,73.41060784797058,80.3998561826573,take_profit,Daily,1d
2004-12-02,80.34800720214844,SPY,adx_trend_following,2004-12-03,2005-01-05,80.33448053617617,80.32838054717975,80.36016536847082,80.31693588765067,adx_di_trend_following,1615.0,8.075,8.075,2.697236370138824,0.9249372691567312,129839.65654908413,129753.6909375596,129789.74207008036,0.9996155683068608,129781.66707008037,0.9995533762138238,2254431.0,-69.81561152453381,-85.96561152453381,-0.0005379466383864087,-0.000662386402218994,-0.0006620905646961232,22,33,792.0,calm,78.79930237471304,83.18857278810216,trend_reversal,Daily,1d
2005-02-04,81.33638763427734,SPY,adx_trend_following,2005-02-07,2005-02-23,81.34989788925591,80.45691944728232,81.36784411499438,80.44170691709762,adx_di_trend_following,1594.0,7.97,7.97,1.7060538739590554,1.3911247371183786,129753.6909375596,128261.48824411216,129708.31351930105,0.9996502803278222,129700.34351930105,0.9995888562562415,2867464.25,-1476.2626934474426,-1492.2026934474427,-0.011382103187936091,-0.01150500186011754,-0.011500271650580825,11,16,384.0,calm,78.72507613781174,84.10596486918199,trend_reversal,Daily,1d
2005-02-25,82.148193359375,SPY,adx_trend_following,2005-02-28,2005-03-17,81.95873500052903,80.71399060290103,81.9813468354912,80.69137798119016,adx_di_trend_following,1564.0,7.82,7.82,2.258929229693652,2.3023590966744716,128261.48824411216,126228.33695598533,128226.64645070824,0.9997283534295376,128218.82645070823,0.999667384232103,2673746.75,-2017.511288126822,-2033.1512881268218,-0.01573490683056925,-0.015856885797566053,-0.015851611547320038,13,17,408.0,calm,80.22015286425443,84.98864859981805,trend_reversal,Daily,1d
2005-06-07,81.58797454833984,SPY,adx_trend_following,2005-06-08,2005-06-27,81.79169284797516,81.12624979500774,81.80961735159694,81.11695321312867,adx_di_trend_following,1542.0,7.71,7.71,1.6914821661777903,0.6460713834549315,126228.33695598533,125144.82885446725,126158.13995616249,0.9994438887375398,126150.42995616248,0.999382808950022,2940887.25,-1068.0881015180785,-1083.5081015180785,-0.00846678130141325,-0.008589016318807631,-0.008583715254807547,13,19,456.0,calm,80.0948209694094,84.57428170620075,trend_reversal,Daily,1d
2005-07-19,83.88794708251953,SPY,adx_trend_following,2005-07-20,2005-08-24,83.59471598963314,83.15145247586784,83.62218734054905,83.1320281734023,adx_di_trend_following,1496.0,7.48,7.48,2.7862544708337365,1.836560636415134,125144.82885446725,124396.59074041573,125106.27226146137,0.999691904225218,125098.79226146138,0.9996321334774495,2751354.75,-733.2781140515274,-748.2381140515274,-0.005861592272761095,-0.005981177759795478,-0.005978977484732225,25,35,840.0,calm,80.64207130799669,86.59551119855645,trend_reversal,Daily,1d
2005-09-06,84.3515853881836,SPY,adx_trend_following,2005-09-07,2005-09-22,84.30390477842657,82.82745372767606,84.3293815596679,82.81447564693735,adx_di_trend_following,1474.0,7.37,7.37,2.5220167509786298,1.0671270798147838,124396.59074041573,122148.87942505092,124308.87841895047,0.9992948977062539,124301.50841895047,0.9992356517095901,3028945.75,-2232.9713153648167,-2247.7113153648165,-0.017964152999967842,-0.01808273563172738,-0.018068914123661333,11,15,360.0,calm,82.08771146424412,87.659836783131,trend_reversal,Daily,1d
2005-11-03,83.73140716552734,SPY,adx_trend_following,2005-11-04,2005-12-15,83.82045916848615,87.54576934692717,83.84013924579884,87.53442908096714,adx_di_trend_following,1456.0,7.28,7.28,1.8478846940138487,0.7955206401742836,122148.87942505092,127513.20542505597,122078.5227418831,0.9994240087711079,122071.2427418831,0.9993644093704891,4127691.0,5378.886000005053,5364.326000005053,0.04406349832432349,0.04394422371326062,0.043916293176447345,28,41,984.0,neutral,80.32790818120557,87.57402755553561,take_profit,Daily,1d
2005-12-15,87.2718505859375,SPY,adx_trend_following,2005-12-16,2005-12-28,87.62435111936075,86.56411330115742,87.64076292382552,86.5475255391764,adx_di_trend_following,1454.0,7.2700000000000005,7.2700000000000005,1.3729730097983543,1.4166073065265776,127513.20542505597,125909.09826777616,127436.9392912423,0.9994018961913832,127429.6692912423,0.999344882488561,2849564.75,-1589.5671572798126,-1604.1071572798126,-0.012474074256967853,-0.012588176412932557,-0.012579929678127362,7,12,288.0,calm,85.78972047167532,90.23611081446185,trend_reversal,Daily,1d
2006-01-06,88.42293548583984,SPY,adx_trend_following,2006-01-09,2006-01-23,88.4091509873524,86.88773155297973,88.43969727881681,86.86738883156104,adx_di_trend_following,1423.0,7.115,7.115,2.9551051699144217,1.8418133884660133,125909.09826777616,123657.47334733121,125856.80422775632,0.9995846682984845,125849.68922775632,0.9995281592765163,2530759.5,-2237.3949204449527,-2251.6249204449523,-0.0177783110484749,-0.017891382444100254,-0.017882940561263706,9,14,336.0,calm,85.61413286748083,91.3641586297371,trend_reversal,Daily,1d
2006-08-29,90.65260314941406,SPY,adx_trend_following,2006-08-30,2006-10-05,90.85392759110294,94.07748393288786,90.86719003198652,94.04506534468253,adx_di_trend_following,1360.0,6.8,6.8,0.9597542709743465,2.9471333595768554,123657.47334733121,127965.78377259777,123586.17844350167,0.9994234484831396,123579.37844350167,0.9993684578722535,3168893.25,4321.910425266564,4308.3104252665635,0.034972747716500815,0.0348626969930606,0.03484067973122262,25,36,864.0,calm,88.79208329852318,93.96267828448666,take_profit,Daily,1d
2006-10-05,94.25877380371094,SPY,adx_trend_following,2006-10-06,2006-11-15,94.09843872574189,97.31989905891392,94.11570315841084,97.31011589358475,adx_di_trend_following,1359.0,6.795,6.795,1.334720416485446,0.5053595393782178,127965.78377259777,132293.40067969912,127910.03559228033,0.9995643508860422,127903.24059228033,0.9995112507541188,3471680.0,4341.2069071013475,4327.616907101347,0.033941336333610954,0.0338350841390843,0.033818547267226995,28,40,960.0,calm,91.34415846160024,97.1330041659988,take_profit,Daily,1d
2006-11-15,97.63367462158205,SPY,adx_trend_following,2006-11-16,2006-11-28,97.9264941201322,96.39246772292988,97.95491604169277,96.38088501404171,adx_di_trend_following,1350.0,6.75,6.75,2.4023730315218876,0.7017641139598261,132293.40067969912,130154.95879237019,132245.88665628523,0.999640843585774,132239.13665628523,0.9995898206325101,3461240.5,-2124.941887328931,-2138.441887328931,-0.016068933456908907,-0.016171021237738035,-0.016164388218475077,7,12,288.0,calm,94.56560784482453,100.79492637775355,trend_reversal,Daily,1d
2006-12-05,98.94450378417967,SPY,adx_trend_following,2006-12-06,2006-12-26,98.92363096756296,98.73153585201818,98.95476615665359,98.70505438738255,adx_di_trend_following,1315.0,6.575,6.575,2.6473965104293247,2.182888409310238,130154.95879237019,129813.43781577877,130132.09249599947,0.9998243148276263,130125.51749599948,0.9997737981199957,3777447.75,-328.37097659142376,-341.52097659142373,-0.002523494107153265,-0.0026245503815339162,-0.0026239567033034474,13,20,480.0,calm,96.30181746994684,102.0840651643912,trend_reversal,Daily,1d
2007-02-21,102.3565902709961,SPY,adx_trend_following,2007-02-22,2007-02-28,102.405642444612,98.43702473653862,102.42035879678451,98.42711138916576,adx_di_trend_following,1267.0,6.335,6.335,0.9370645817166624,0.5071765017720529,129813.43781577877,124741.32335032581,129772.92959552599,0.9996879504854477,129766.59459552598,0.9996391496824908,3118461.5,-5059.444465452961,-5072.114465452961,-0.03898880510213679,-0.039086441940334574,-0.0390723375853501,4,6,144.0,calm,100.40033398700108,105.18691614375068,stop_loss,Daily,1d
2007-04-20,104.62096405029295,SPY,adx_trend_following,2007-04-23,2007-06-01,104.44501407129424,108.32378130264208,104.4559897915115,108.29331314892181,adx_di_trend_following,1194.0,5.97,5.97,0.5508610980478708,2.3134843079715037,124741.32335032581,129311.14743907373,124726.42181106473,0.9998805404747934,124720.45181106473,0.9998326814346641,4754815.25,4581.764088747913,4569.824088747912,0.03673626917010123,0.03664053507175072,0.03663440442998937,28,39,936.0,calm,100.90415519198484,108.28691627551905,take_profit,Daily,1d
2007-06-01,108.46456909179688,SPY,adx_trend_following,2007-06-04,2007-06-08,108.08440929471152,105.29679393056448,108.11597499609121,105.28109524611878,adx_di_trend_following,1195.0,5.9750000000000005,5.9750000000000005,2.4204675850730406,0.9911209281212037,129311.14743907373,125911.51613785667,129204.565120329,0.9991757685175987,129198.590120329,0.9991295621377286,5769768.75,-3387.6813012170537,-3399.6313012170535,-0.02622072963847314,-0.026313222907856888,-0.0262903188823595,4,4,96.0,calm,106.113379990714,112.03131790558375,stop_loss,Daily,1d
2007-09-26,108.10629272460938,SPY,adx_trend_following,2007-09-27,2007-10-22,108.61771177203656,105.74084228614338,108.6440345513012,105.70753719204355,adx_di_trend_following,1158.0,5.79,5.79,1.923433419394564,2.6506830056336286,125911.51613785667,122499.47219583631,125815.58201040678,0.9992380829776932,125809.79201040679,0.9991920983038716,8289682.0,-3400.4639420203675,-3412.0439420203675,-0.02702861110953181,-0.027120654819444645,-0.027098743996415903,17,25,600.0,neutral,103.91247946903144,113.9688643117668,trend_reversal,Daily,1d
2009-07-31,73.1876220703125,SPY,adx_trend_following,2009-08-03,2009-09-14,73.95797848402948,76.94295127762133,73.96832721143504,76.92328908163103,adx_di_trend_following,1655.0,8.275,8.275,0.8992712642610419,2.056078428918179,122499.47219583631,127373.38409101067,122425.85653492498,0.9993990532400528,122417.58153492499,0.9993315019285928,9776234.0,4890.461895174359,4873.911895174359,0.03994901576926791,0.03981382277008848,0.039787207306351324,29,42,1008.0,neutral,69.28417916300215,77.89600393137279,take_profit,Daily,1d
2009-09-16,79.49093627929688,SPY,adx_trend_following,2009-09-17,2009-10-02,79.37982410320578,75.92517972543381,79.40328169673185,75.90498038517984,adx_di_trend_following,1603.0,8.015,8.015,2.4551077734289435,2.1611350337571658,127373.38409101067,121749.57708859279,127291.47555986115,0.9993569415483929,127283.46055986115,0.9992940163143874,9117469.0,-5607.777002417875,-5623.807002417876,-0.04405738952847334,-0.044183328907631415,-0.044152136198246573,11,15,360.0,neutral,73.75054973392055,84.13753029484405,trend_reversal,Daily,1d
2009-10-08,79.34114837646484,SPY,adx_trend_following,2009-10-09,2009-10-29,79.36348772251536,78.28436727702272,79.38327565656425,78.26896390314468,adx_di_trend_following,1533.0,7.665,7.665,1.9933296931292295,1.4680053382462053,121749.57708859279,120026.00717060058,121702.226581513,0.9996110827798166,121694.561581513,0.9995481256822785,9374130.75,-1708.2399179922024,-1723.5699179922024,-0.014037109758992767,-0.014163080877182233,-0.014156680944674021,14,20,480.0,neutral,75.90285407571214,84.04634825023838,trend_reversal,Daily,1d
2010-03-09,85.641845703125,SPY,adx_trend_following,2010-03-10,2010-04-07,85.67930024487956,89.25523650477454,85.6969409627485,89.22840183099751,adx_di_trend_following,1400.0,7.0,7.0,1.5589241296928513,2.5074139204975814,120026.00717060058,124956.0523861492,119982.7173478479,0.9996393296438566,119975.7173478479,0.9995810089501586,9602711.5,4944.045215548618,4930.045215548618,0.041208715603793834,0.04109202532421493,0.041074808133384225,19,28,672.0,calm,81.51165724611508,89.57711121156395,take_profit,Daily,1d
2010-04-07,88.9246597290039,SPY,adx_trend_following,2010-04-08,2010-04-28,88.61662525262993,89.44303696795056,88.63414842591489,89.43323732791944,adx_di_trend_following,1409.0,7.045,7.045,1.4774137454460743,0.5957492229865644,124956.0523861492,126067.87864907361,124892.56013211407,0.9994918833235951,124885.51513211407,0.9994355035015259,8552869.0,1125.916262924419,1111.8262629244189,0.009015587289953787,0.008902763957439247,0.00889773837835853,14,20,480.0,calm,86.83603433200499,92.5825179787279,trend_reversal,Daily,1d
2010-10-13,89.49211883544922,SPY,adx_trend_following,2010-10-14,2010-11-17,89.40864230059785,89.7122043828183,89.42399842970808,89.69884704812836,adx_di_trend_following,1409.0,7.045,7.045,1.217521787053663,0.989131145997703,126067.87864907361,126441.05035242779,126005.45878745869,0.999504871008509,125998.41378745869,0.9994489884151356,9570406.5,387.26170335417305,373.171703354173,0.0030735442749892728,0.0029617174703775264,0.0029600855297402533,24,34,816.0,neutral,85.89481478533708,93.94871934962931,trend_reversal,Daily,1d
2010-12-09,93.9242172241211,SPY,adx_trend_following,2010-12-10,2011-01-13,94.21263595404456,98.13355322547542,94.22499555391833,98.11169135371628,adx_di_trend_following,1341.0,6.705,6.705,0.8118834590095545,1.728263671483612,126441.05035242779,131639.69941995683,126362.42403780449,0.9993781583243405,126355.71903780449,0.9993251296601424,8999178.25,5212.059067529049,5198.649067529049,0.04124909507237775,0.041142966120699766,0.04111519995317114,23,34,816.0,neutral,89.35554541581341,98.19401787356495,take_profit,Daily,1d
2011-01-13,97.93518829345705,SPY,adx_trend_following,2011-01-14,2011-01-31,97.79788749896365,97.7063410769304,97.82164063287969,97.67880801994667,adx_di_trend_following,1345.0,6.7250000000000005,6.7250000000000005,1.9287982617518222,2.3187339241589715,131639.69941995683,131434.1395555619,131576.83165122318,0.999522425461235,131570.10665122318,0.9994713390486282,5466818.5,-192.10986439491217,-205.55986439491215,-0.001460133074940592,-0.0015623599435077384,-0.0015615339848136184,10,17,408.0,calm,95.61597139421372,101.01726364191458,trend_reversal,Daily,1d
2011-02-07,100.68170928955078,SPY,adx_trend_following,2011-02-08,2011-02-24,100.7732660104509,99.85014640469794,100.78964713733349,99.81803605468181,adx_di_trend_following,1303.0,6.515000000000001,6.515000000000001,1.1255429173931382,2.716888578986647,131434.1395555619,130155.10031486678,131335.42521994555,0.9992489444831445,131328.91021994554,0.9991993759310008,7125323.5,-1266.0092406951348,-1279.039240695135,-0.009639988929892606,-0.009739205469329184,-0.009731408027017512,11,16,384.0,calm,97.27908942131798,104.2992440989363,trend_reversal,Daily,1d
2011-07-01,103.1219482421875,SPY,adx_trend_following,2011-07-05,2011-07-15,103.01413922080404,101.38166241973671,103.03161419739594,101.36187777048829,adx_di_trend_following,1263.0,6.315,6.315,1.1963668020798697,1.4518826686710467,130155.10031486678,128033.59320768242,130135.24373131107,0.9998474390668697,130128.92873131107,0.9997989200308525,10611419.5,-2108.8771071843585,-2121.5071071843586,-0.016206059081134427,-0.016303116669505714,-0.0162998384393088,8,10,240.0,neutral,97.1696541823419,108.28743910559162,trend_reversal,Daily,1d
2012-01-23,102.51358795166016,SPY,adx_trend_following,2012-01-24,2012-03-01,101.88263137366869,106.95338060904164,101.90309255619658,106.93110959381285,adx_di_trend_following,1256.0,6.28,6.28,1.5083091938264424,1.582744237237151,128033.59320768242,134336.22260692847,127996.5642505829,0.9997107871756793,127990.2842505829,0.9996617375486035,6483507.75,6315.18939924603,6302.6293992460305,0.049341162387622935,0.04924302993894888,0.049226372870927536,26,37,888.0,calm,99.14860920080078,107.3504040625455,take_profit,Daily,1d
2012-03-13,109.0954132080078,SPY,adx_trend_following,2012-03-14,2012-04-10,109.12663431228953,107.92283099910053,109.15353717443317,107.89973214289473,adx_di_trend_following,1230.0,6.15,6.15,1.9652883609210479,1.6407704863635513,134336.22260692847,132781.7424181362,134265.00072455278,0.9994698236931666,134258.8507245528,0.9994240430401109,7299677.25,-1542.1801887922738,-1554.480188792274,-0.011486618427534663,-0.011578232499408668,-0.011571563935817418,18,27,648.0,calm,104.65558782159238,113.24327749257783,trend_reversal,Daily,1d
2012-06-19,106.7126235961914,SPY,adx_trend_following,2012-06-20,2012-06-26,106.72049694598194,103.56705191613564,106.74362053061317,103.54961096709692,adx_di_trend_following,1243.0,6.215,6.215,1.6667425933130287,1.1843085044763675,132781.7424181362,128799.1585306855,132688.53531955217,0.9992980428115599,132682.32031955218,0.9992512366777736,8855737.5,-3970.153887450694,-3982.5838874506944,-0.02992225247409733,-0.030015934887625096,-0.02999346005649891,4,6,144.0,neutral,99.96649948620464,112.70281287294816,trend_reversal,Daily,1d
2012-07-05,107.56980895996094,SPY,adx_trend_following,2012-07-06,2012-07-13,106.53175426557397,105.26565322567733,106.56839979821004,105.24002226507986,adx_di_trend_following,1208.0,6.04,6.04,2.9398694444397946,1.93547654645238,128799.1585306855,127182.39847066424,128740.66695623772,0.9995458699022957,128734.62695623773,0.9994989751859877,7942248.25,-1604.680060021257,-1616.760060021257,-0.012465022798930041,-0.012558859245934362,-0.012552566945816461,5,7,168.0,neutral,102.8986546113451,113.50075441808326,trend_reversal,Daily,1d
2012-08-17,111.80841827392578,SPY,adx_trend_following,2012-08-20,2012-09-17,111.65117584656066,115.5516230294254,111.69002455890308,115.53610643856642,adx_di_trend_following,1138.0,5.69,5.69,2.97947185041821,0.843007942476159,127182.39847066424,131547.85964972113,127108.9379480317,0.9994224002415752,127103.2479480317,0.9993776613463474,6238484.0,4376.841179056886,4365.461179056887,0.034435321281848216,0.03434578777122815,0.03432441305990797,19,28,672.0,neutral,107.4832995512239,116.07392662545816,take_profit,Daily,1d
2012-09-17,115.39434814453124,SPY,adx_trend_following,2012-09-18,2012-10-15,115.19779619535647,113.23539288743557,115.22870786348462,113.21508719609618,adx_di_trend_following,1141.0,5.705,5.705,2.1833558582768386,1.2935499448239636,131547.85964972113,129238.90846823092,131481.66067223594,0.9994967688743743,131475.95567223596,0.9994534006279036,5626126.25,-2297.5411814902072,-2308.951181490207,-0.01747499129968586,-0.01756177522866862,-0.017552175973355733,19,27,648.0,calm,110.1963099036279,119.5102732787248,trend_reversal,Daily,1d
2013-01-09,116.18024444580078,SPY,adx_trend_following,2013-01-10,2013-02-11,116.82520986913244,120.81412028933102,116.85612826199937,120.78681365232369,adx_di_trend_following,1105.0,5.525,5.525,2.1465514508012573,1.7607299738795283,129238.90846823092,133571.2658245393,129131.5467295093,0.9991692769616047,129126.0217295093,0.9991265266779209,7388177.25,4343.407356308367,4332.357356308367,0.03363696409238761,0.033551388777265254,0.033522082534249605,21,32,768.0,neutral,111.10054253938635,120.90181792390159,take_profit,Daily,1d
2013-02-12,121.03701782226562,SPY,adx_trend_following,2013-02-13,2013-02-26,121.28380840604952,119.20575079918122,121.31893336285157,119.17837209947423,adx_di_trend_following,1100.0,5.5,5.5,2.396096128879248,1.7972876055176428,133571.2658245393,131205.64843482422,133456.32669913673,0.9991394921303393,133450.82669913673,0.9990983156095804,6062454.5,-2354.6173897150693,-2365.6173897150693,-0.01764408245310856,-0.017726509818094458,-0.017710526100894863,8,13,312.0,calm,118.9749031805615,124.67790802273906,stop_loss,Daily,1d
2013-03-05,122.84432220458984,SPY,adx_trend_following,2013-03-06,2013-04-12,123.28226066487886,126.90158999280668,123.32373401325215,126.86768246067997,adx_di_trend_following,1063.0,5.315,5.315,2.864097003867843,2.1726689941072554,131205.64843482422,134962.23563444,131098.44425608704,0.9991829301557056,131093.12925608704,0.999142421228968,6705724.0,3767.217199615776,3756.5871996157757,0.028736953805234253,0.0286558664129329,0.02863129175023164,26,37,888.0,neutral,118.41751711533313,127.72305015923843,take_profit,Daily,1d
2013-05-08,130.62828063964844,SPY,adx_trend_following,2013-05-09,2013-06-06,130.57239338829604,128.91689772128058,130.61286923586692,128.9020396996307,adx_di_trend_following,1033.0,5.165,5.165,2.5998778930641375,0.6526599334247172,134962.23563444,133184.618723508,134928.25892065055,0.9997482502151085,134923.09392065054,0.9997099802503607,6426395.75,-1767.2869109320136,-1777.6169109320135,-0.013098476024952191,-0.01317503815897852,-0.013171217137710163,19,28,672.0,neutral,125.98983099015024,135.28688499217756,trend_reversal,Daily,1d
2013-07-15,135.1865692138672,SPY,adx_trend_following,2013-07-16,2013-08-16,135.2750558550868,133.506350060391,135.30091395346076,133.47270088738782,adx_di_trend_following,984.0,4.92,4.92,1.4115200663200216,2.0210528279910114,133184.618723508,131375.81706649222,133141.0193302054,0.9996726394254797,133136.09933020538,0.9996356982227554,7505467.75,-1798.9616570157807,-1808.8016570157808,-0.013512200417964621,-0.013586109748713415,-0.013581160304786118,23,31,744.0,neutral,128.5217667017378,141.02405304545795,trend_reversal,Daily,1d
2013-09-17,137.53421020507812,SPY,adx_trend_following,2013-09-18,2013-10-01,137.48595848115937,135.83747322122315,137.513910178131,135.81640313920963,adx_di_trend_following,955.0,4.775,4.775,1.533058305037387,1.0513650432885195,131375.81706649222,129745.14784432232,131330.5592201151,0.999655508544969,131325.7842201151,0.999619162434196,5367680.75,-1621.119222169911,-1630.669222169911,-0.012344256931698603,-0.012416976847720527,-0.012412247996483198,9,13,312.0,calm,131.60900452038973,142.0723665731996,trend_reversal,Daily,1d
2013-10-21,140.89480590820312,SPY,adx_trend_following,2013-10-22,2013-11-26,141.30685855636008,146.00058393478318,141.32259793828894,145.9557361079595,adx_di_trend_following,918.0,4.59,4.59,0.6138441608312344,2.5727005337075264,129745.14784432232,133989.18868407988,129738.73490734924,0.9999505728184859,129734.14490734924,0.9999151957729758,6508263.25,4253.220839757573,4244.040839757573,0.032784128209231635,0.0327133681174566,0.03271059388556004,25,35,840.0,neutral,132.92099017348443,146.35180124972752,take_profit,Daily,1d
2013-11-26,145.96826171875,SPY,adx_trend_following,2013-11-27,2013-12-06,146.12188166825337,145.9602585838145,146.1483952967007,145.94238678439268,adx_di_trend_following,916.0,4.58,4.58,1.3144872037386428,0.7245790832647585,133989.18868407988,133791.32488680573,133876.51009177783,0.9991590471335137,133871.93009177785,0.9991248652711936,5225197.5,-188.70379727414365,-197.86379727414368,-0.0014095844972487888,-0.00147800810176185,-0.0014767146455425411,6,9,216.0,calm,142.2601095482789,150.37995437497074,trend_reversal,Daily,1d
2013-12-23,148.26351928710938,SPY,adx_trend_following,2013-12-24,2014-01-14,148.2716096827048,148.0686087482285,148.29012681725342,148.0209982641244,adx_di_trend_following,902.0,4.51,4.51,0.7488658205206882,2.7164682485897953,133791.32488680573,133539.55093188334,133762.2043891626,0.9997823439025828,133757.69438916259,0.9997486346915871,5501005.25,-242.75395492239062,-251.7739549223906,-0.001814878433954669,-0.0018823138068593235,-0.0018818406584687325,13,21,504.0,calm,143.25380898265843,153.03806834707,trend_reversal,Daily,1d
2014-03-05,152.50350952148438,SPY,adx_trend_following,2014-03-06,2014-04-08,152.87722372211095,150.32927573881827,152.92418332605857,150.28958085816188,adx_di_trend_following,873.0,4.365,4.365,2.5717200904292596,2.141226386402842,133539.55093188334,131230.81297740954,133507.1770436491,0.9997575707870192,133502.81204364912,0.9997248838416946,5995016.0,-2300.0079544738055,-2308.737954473805,-0.01722816110960877,-0.017293552990621328,-0.017288795254759095,23,33,792.0,calm,148.320398987526,158.4080790002373,trend_reversal,Daily,1d
2014-06-05,158.64276123046875,SPY,adx_trend_following,2014-06-06,2014-07-18,158.9854720260356,160.9605757991324,159.03228754865077,160.90512868792456,adx_di_trend_following,825.0,4.125,4.125,2.4446415460830484,2.945950521279732,131230.81297740954,132767.6569173104,131205.76222763688,0.9998091092388723,131201.63722763688,0.9997776760723285,3998627.0,1545.0939399008753,1536.8439399008753,0.011776483682289065,0.011713603369403289,0.011710999155095016,29,42,1008.0,calm,153.42952037008365,163.05703433341031,trend_reversal,Daily,1d
2014-08-25,164.11660766601562,SPY,adx_trend_following,2014-08-26,2014-09-15,164.22317504882812,163.2640953007919,164.27066592127954,163.23176586756253,adx_di_trend_following,808.0,4.04,4.04,2.39184960875834,1.4805846648487493,132767.6569173104,131920.14567390707,132734.73806439387,0.9997520566854845,132730.69806439386,0.9997216275878126,4946607.5,-839.4312434033479,-847.5112434033479,-0.006324318757037656,-0.006385193898341291,-0.006383416436513525,13,20,480.0,calm,158.16516153783894,169.14387128444255,trend_reversal,Daily,1d
2014-11-04,165.60035705566406,SPY,adx_trend_following,2014-11-05,2014-12-11,166.81100257316808,167.91463982072247,166.86892687998014,167.89562687543338,adx_di_trend_following,790.0,3.95,3.95,2.9724512123637705,0.6324264748837176,131920.14567390707,132723.33867031513,131830.40223518433,0.999319713920385,131826.45223518432,0.9992897715641222,8551670.0,811.0929964080615,803.1929964080614,0.006152733253877113,0.006092805979297152,0.006088478695236369,25,36,864.0,neutral,157.70202268982396,173.86897371004542,trend_reversal,Daily,1d
2015-02-23,174.91168212890625,SPY,adx_trend_following,2015-02-24,2015-03-09,174.83708910260347,172.03797885333026,174.85752362575002,172.00521335694236,adx_di_trend_following,758.0,3.79,3.79,0.6687750723499226,1.4049129819056432,132723.33867031513,130553.70748655892,132545.79290831852,0.9986622868006836,132542.0029083185,0.9986337311597694,5853034.75,-2162.0511837562035,-2169.6311837562034,-0.016312196408045303,-0.01636938582599339,-0.016347020844205622,9,13,312.0,neutral,169.05671548674957,182.05900097224463,trend_reversal,Daily,1d
2015-03-20,175.0269317626953,SPY,adx_trend_following,2015-03-23,2015-03-26,175.0352833889691,170.4933989166057,175.05740174395422,170.47185932435522,adx_di_trend_following,745.0,3.725,3.725,0.7636512225914176,0.7635277362405847,130553.70748655892,127130.02838395767,130421.48929924589,0.9989872506123455,130417.76429924589,0.9989587182935649,5866438.0,-3416.2291026012504,-3423.67910260125,-0.026194507481071765,-0.026251631600934036,-0.02622429625718391,3,3,72.0,neutral,169.27203923217897,182.41873433252846,trend_reversal,Daily,1d
2016-04-20,178.49874877929688,SPY,adx_trend_following,2016-04-21,2016-05-02,178.5157342471724,175.79710665108422,178.57677073611,175.76653607385305,adx_di_trend_following,711.0,3.555,3.555,2.919109760550602,1.2392717586653061,127130.02838395767,125124.84153909297,126971.6389933742,0.99875411503799,126968.08399337421,0.9987261515423063,4420956.0,-1998.0768448646984,-2005.1868448646985,-0.01573684332331082,-0.015792841648058095,-0.015772723961082116,7,11,264.0,calm,172.54314091080727,185.228986491308,trend_reversal,Daily,1d
2016-06-06,179.56072998046875,SPY,adx_trend_following,2016-06-07,2016-06-14,179.7136617341384,176.714572547425,179.7349387655323,176.68665077275114,adx_di_trend_following,696.0,3.48,3.48,0.683940674769173,1.0802990521211693,125124.84153909297,122996.2730961173,125098.99738081047,0.9997934530188841,125095.51738081047,0.99976564079585,4275919.5,-2121.608442975684,-2128.568442975684,-0.01695990781601849,-0.017015545301243575,-0.017011557551588598,5,7,168.0,calm,174.04690777987977,185.75882855225422,trend_reversal,Daily,1d
2016-07-25,185.0207366943359,SPY,adx_trend_following,2016-07-26,2016-08-29,184.9182879161025,185.69545453958983,184.95386992192903,185.63839292573059,adx_di_trend_following,664.0,3.3200000000000003,3.3200000000000003,1.4242015609968124,2.573804559495765,122996.2730961173,123444.15637064153,122812.68962816088,0.9985074062543915,122809.36962816087,0.9984804135665934,5105607.25,454.5232745242349,447.88327452423493,0.0037010472075577707,0.0036469796716677616,0.0036414377708357862,24,34,816.0,neutral,181.8144752018594,191.4332596792889,trend_reversal,Daily,1d
2016-11-17,187.96383666992188,SPY,adx_trend_following,2016-11-18,2016-12-13,188.0325235356012,194.856152954596,188.06712308257605,194.8160277052878,adx_di_trend_following,656.0,3.2800000000000002,3.2800000000000002,1.3400831049997617,1.559648263072227,123444.15637064153,127864.87780314045,123375.31274216989,0.9994423095390199,123372.03274216989,0.9994157388199479,5160207.25,4427.281432498916,4420.721432498916,0.035885616327253914,0.0358324438224796,0.03581150831656773,16,25,600.0,calm,178.85701662186858,194.77570103018604,take_profit,Daily,1d
2016-12-13,195.4913024902344,SPY,adx_trend_following,2016-12-14,2017-01-03,195.1909011737838,194.29513258285616,195.21349725265262,194.24842914243828,adx_di_trend_following,654.0,3.27,3.27,0.6576399685107477,1.9043149601807587,127864.87780314045,127227.18325906027,127672.89720323481,0.9984985665868213,127669.6272032348,0.9984729927149639,3999890.75,-631.1545440801733,-637.6945440801733,-0.004943654633497525,-0.004994880599635806,-0.0049872533805722765,12,20,480.0,calm,188.10119380303743,201.1426258496869,trend_reversal,Daily,1d
2017-02-13,200.96908569335935,SPY,adx_trend_following,2017-02-14,2017-03-02,200.78784112005812,206.83152901652417,200.82743980313313,206.7998609279586,adx_di_trend_following,633.0,3.165,3.165,1.4721653888060409,1.0313399353110493,127227.18325906027,131001.3958310748,127126.93439538327,0.9992120483916328,127123.76939538328,0.9991871716324457,3564863.0,3780.5425720145245,3774.2125720145245,0.029739069176403937,0.029689275184060046,0.029665142898978314,11,16,384.0,calm,195.4003088892889,205.81686761106323,take_profit,Daily,1d
2017-03-02,205.7177734375,SPY,adx_trend_following,2017-03-03,2017-03-22,205.63135333903844,202.71056652408615,205.69756247521255,202.66381048082957,adx_di_trend_following,636.0,3.18,3.18,2.7197977156221325,1.8070741217020907,131001.3958310748,129065.56956264722,130826.82973423517,0.9986674485738707,130823.64973423518,0.9986431740233607,3763557.75,-1929.4662684275763,-1935.8262684275765,-0.014748604494273296,-0.014797219557474178,-0.014777142305596562,13,19,456.0,calm,201.50440709237412,210.92801087833436,trend_reversal,Daily,1d
2017-04-28,206.44786071777344,SPY,adx_trend_following,2017-05-01,2017-05-18,206.9681701660156,204.41009076408992,207.01081654885598,204.3638892102153,adx_di_trend_following,623.0,3.115,3.115,1.5605285733652061,1.7607493942863002,129065.56956264722,127410.30383067406,128970.85370993728,0.9992661415973997,128967.73870993727,0.9992420065781955,4058367.0,-1649.0357319731525,-1655.2657319731525,-0.012786420452653017,-0.012834727107187856,-0.012824998468469951,13,17,408.0,calm,201.61795043945312,212.11968264382185,trend_reversal,Daily,1d
2017-05-25,209.6389312744141,SPY,adx_trend_following,2017-05-26,2017-06-28,209.44817144575288,211.30609049328396,209.50988206827128,211.25929000970788,adx_di_trend_following,608.0,3.04,3.04,2.4463433408112616,1.7153100852468843,127410.30383067406,128467.86385906751,127385.04829750893,0.9998017779378447,127382.00829750893,0.9997779180151494,3456130.0,1063.6400283934536,1057.5600283934536,0.008350002034111861,0.008302271588648954,0.008300427803695777,22,33,792.0,calm,204.14994715847857,214.83311033937392,trend_reversal,Daily,1d
2017-10-05,223.003173828125,SPY,adx_trend_following,2017-10-06,2017-11-08,222.55656896672323,226.33953582279315,222.58569728727682,226.26618975841785,adx_di_trend_following,577.0,2.8850000000000002,2.8850000000000002,0.8088052484266981,2.7415830422397875,128467.86385906751,130585.73801491589,128434.83233475871,0.9997428810340847,128431.94733475872,0.9997204240560255,3155893.25,2123.644155848378,2117.8741558483775,0.01653517057024048,0.01649024405374875,0.016485633778201052,23,33,792.0,calm,217.24113005139031,227.08517973711432,take_profit,Daily,1d
2017-11-08,226.89996337890625,SPY,adx_trend_following,2017-11-09,2017-11-16,225.6915223861156,225.50760693548455,225.73673227809186,225.47452432518142,adx_di_trend_following,578.0,2.89,2.89,1.5031719179491154,0.9672438228715428,130585.73801491589,130428.40181813364,130478.7212567371,0.999180486630427,130475.8312567371,0.9991583555765774,2990001.25,-151.5561967822366,-157.33619678223658,-0.0011615652900805798,-0.00120586468211608,-0.0012048497728309748,5,7,168.0,calm,222.42522132237863,231.03309904285211,trend_reversal,Daily,1d
2017-11-21,227.6705780029297,SPY,adx_trend_following,2017-11-22,2017-12-01,227.67933423372872,231.84760758117812,227.72794937915842,231.82410073399922,adx_di_trend_following,572.0,2.86,2.86,1.6352462924800253,0.5139949687928456,130428.40181813364,132765.68039310258,130263.24704487862,0.9987337514609332,130260.38704487862,0.9987118237215749,3274360.5,2342.998574968937,2337.278574968937,0.01798703833239574,0.017943126287224023,0.017920012377580032,6,9,216.0,calm,223.85258306351813,232.56718732851948,take_profit,Daily,1d
2017-12-04,231.30470275878903,SPY,adx_trend_following,2017-12-05,2018-01-04,230.47283935546875,238.70099949537035,230.53185587778967,238.62099544787506,adx_di_trend_following,575.0,2.875,2.875,2.0606714650620743,2.852766479962406,132765.68039310258,137411.18564590169,132558.69212972905,0.9984409505320904,132555.81712972905,0.9984192958394659,3634526.25,4651.255252799101,4645.505252799101,0.03508903157563455,0.035045653622674755,0.034990256812184754,20,30,720.0,calm,225.7265347581667,237.58393941894064,take_profit,Daily,1d
2018-01-04,239.0618438720703,SPY,adx_trend_following,2018-01-05,2018-01-16,239.85398366654252,245.8742785150605,239.9162984759411,245.84432984931797,adx_di_trend_following,572.0,2.86,2.86,2.098031037299275,0.7181963180071991,137411.18564590169,140796.29959147327,137234.98272823828,0.9987176959660513,137232.1227282383,0.9986968825221781,4090398.5,3390.833945571577,3385.1139455715766,0.02470874805519454,0.024667066851943555,0.02463492276600219,6,11,264.0,calm,234.68746227476788,244.36495244748374,take_profit,Daily,1d
2018-01-16,243.77947998046875,SPY,adx_trend_following,2018-01-17,2018-01-25,244.71255994218367,250.1078933737655,244.76533452663563,250.0624392756861,adx_di_trend_following,575.0,2.875,2.875,1.6565948419002468,1.3177099372081558,140796.29959147327,143836.3848221773,140742.94235281547,0.9996210323793124,140740.06735281547,0.9996006128085684,3905092.75,3045.8352307040236,3040.0852307040236,0.02164156439593385,0.021600708937298995,0.021592081890823595,6,8,192.0,calm,234.68746227476788,249.91083633266803,take_profit,Daily,1d
2018-01-25,249.35093688964844,SPY,adx_trend_following,2018-01-26,2018-02-05,250.18717071645605,240.68135019801932,250.21981716557505,240.60013106841416,adx_di_trend_following,574.0,2.87,2.87,0.8048810226973081,2.8756893333560396,143836.3848221773,138308.94500240695,143629.04505304008,0.9985585026389981,143626.1750530401,0.998538549412257,4365896.5,-5521.699819770353,-5527.439819770353,-0.038444940956836246,-0.038484905816987124,-0.03842866202876165,6,10,240.0,calm,240.2148286552677,255.90288478227652,trend_reversal,Daily,1d
2018-08-31,257.6961669921875,SPY,adx_trend_following,2018-09-04,2018-10-05,257.2791006122579,258.31001039427775,257.3596473346585,258.27243935766563,adx_di_trend_following,537.0,2.685,2.685,2.6307137738334894,0.9547056087592181,138308.94500240695,138793.74431876178,138204.8156187116,0.9992471247344593,138202.1306187116,0.9992277116733593,2843071.5,490.16931635482024,484.79931635482023,0.003546756581540391,0.003507900451204634,0.003505191340635151,23,31,744.0,calm,251.5359259037381,264.4563504005373,trend_reversal,Daily,1d
2019-04-01,257.4856262207031,SPY,adx_trend_following,2019-04-02,2019-05-08,257.67488146159405,259.01702880859375,257.7009127795721,258.9370470499556,adx_di_trend_following,538.0,2.69,2.69,0.5102388649756044,2.588849569784667,138793.74431876178,139453.4045562281,138645.7810754098,0.9989339343492877,138643.0910754098,0.9989145530723201,3925810.25,665.0402374663241,659.660237466324,0.004796778781458357,0.004757974107108779,0.004752809578732238,25,36,864.0,neutral,250.10776389705052,267.9839375537576,trend_reversal,Daily,1d
2019-06-18,263.4041442871094,SPY,adx_trend_following,2019-06-19,2019-08-01,263.5392531233006,269.3923262613973,263.6312797003691,269.3255036025627,adx_di_trend_following,528.0,2.64,2.64,2.991949528497269,1.981111441015298,139453.4045562281,142454.67477658635,139199.95568179488,0.9981825551320187,139197.31568179486,0.998163624077532,3389249.25,3006.5502203582428,3001.270220358243,0.02159919683531267,0.02156126506935772,0.0215216704813264,30,43,1032.0,neutral,249.18894441751831,274.3498042145295,trend_reversal,Daily,1d
2019-09-12,272.7325744628906,SPY,adx_trend_following,2019-09-13,2019-09-25,273.1761455816851,269.14503076538426,273.2647100475858,269.11176932924576,adx_di_trend_following,521.0,2.605,2.605,2.742027802690392,0.7359710696203232,142454.67477658635,140285.78266233118,142373.51893479223,0.9994303041165802,142370.91393479222,0.999412017598401,3393635.0,-2163.6821142551726,-2168.8921142551726,-0.015197501051697735,-0.01523409560500928,-0.01522513822488926,8,12,288.0,neutral,258.21299444093967,285.3992421361676,trend_reversal,Daily,1d
2019-11-05,279.2120056152344,SPY,adx_trend_following,2019-11-06,2019-12-04,279.2120313794404,282.5495999524481,279.3005372399103,282.47985451989683,adx_di_trend_following,502.0,2.5100000000000002,2.5100000000000002,2.669844079878704,1.969040939920898,140285.78266233118,141876.77993688444,140211.37969443496,0.9994696328702438,140208.86969443495,0.999451740821938,2612398.5,1596.0172745532475,1590.9972745532475,0.011383140581844338,0.011347336855511331,0.011341115573933736,19,28,672.0,calm,271.4547760700996,288.4039594509178,trend_reversal,Daily,1d
2019-12-12,288.3969421386719,SPY,adx_trend_following,2019-12-13,2020-01-03,288.1604321507903,293.4977411082979,288.19347381063653,293.4028272733906,adx_di_trend_following,492.0,2.46,2.46,0.64664111236802,2.734932525679563,141876.77993688444,144434.86184055943,141793.64911483316,0.9994140632308665,141791.18911483316,0.9993967242413497,2755458.25,2563.0019036749936,2558.0819036749936,0.018075889762087276,0.01804119085004123,0.018030307036944217,13,21,504.0,calm,279.30296850429954,296.58388040395107,take_profit,Daily,1d
2020-01-08,296.5044250488281,SPY,adx_trend_following,2020-01-09,2020-01-28,298.06710630868724,297.0618289224419,298.12044434650306,296.99464499919185,adx_di_trend_following,484.0,2.42,2.42,1.2894640732530922,1.7621257447345637,144434.86184055943,143885.1349564608,144292.7150637075,0.9990158416393347,144290.29506370748,0.9989990866816383,3158047.5,-544.8868840986281,-549.726884098628,-0.003776323860575987,-0.0038098673500938573,-0.0038060540031219572,12,19,456.0,calm,292.4361870828961,304.6409009806922,trend_reversal,Daily,1d
2020-02-12,308.35723876953125,SPY,adx_trend_following,2020-02-13,2020-02-25,306.93160682994335,296.0382762665826,307.00483245311545,295.9415494228857,adx_di_trend_following,468.0,2.34,2.34,1.885730942747473,2.768444187223545,143885.1349564608,138702.83849831327,143680.60158805802,0.9985784954890256,143678.26158805803,0.9985622325164767,3330770.0,-5177.616458147519,-5182.296458147519,-0.036036185299849574,-0.03606875807702737,-0.03601689958949315,7,12,288.0,neutral,293.1048090217675,319.8028481291429,trend_reversal,Daily,1d
2020-08-05,306.63275146484375,SPY,adx_trend_following,2020-08-06,2020-08-28,306.05102897866146,322.63331982174736,306.0942324183493,322.52946275172377,adx_di_trend_following,453.0,2.265,2.265,0.9116417066780537,2.720080086250828,138702.83849831327,146143.46783933192,138662.95228551223,0.9997124340551868,138660.68728551222,0.9996961041802936,3254589.25,7445.159341018638,7440.629341018637,0.053693368226918746,0.05366069854895391,0.053644391286982354,16,22,528.0,neutral,294.75925946179956,322.8416730102949,take_profit,Daily,1d
2020-08-28,323.68585205078125,SPY,adx_trend_following,2020-08-31,2020-09-08,323.47343998768525,310.8798801569295,323.5249672411543,310.81688982363727,adx_di_trend_following,451.0,2.255,2.255,1.092936145574734,1.526605868425343,146143.46783933192,140407.61492403175,145912.01522576058,0.9984162643942062,145909.76022576058,0.9984008343511578,2448660.25,-5731.342915300175,-5735.8529153001755,-0.03928005163213405,-0.039310961147666273,-0.039248096408975953,5,8,192.0,calm,309.50412160274976,336.19523230392264,stop_loss,Daily,1d
2020-11-25,336.1794738769531,SPY,adx_trend_following,2020-11-27,2021-01-21,337.2733243638305,357.934790375537,337.3246985479651,357.826682733066,adx_di_trend_following,416.0,2.08,2.08,1.0232210917224638,2.521229206420965,140407.61492403175,148932.2803450337,140329.15459595347,0.9994411960624734,140327.07459595348,0.9994263820511313,4084356.25,8528.82542100196,8524.66542100196,0.06077818871061893,0.06074854368301483,0.060713697227990616,36,55,1320.0,neutral,325.6118653025927,356.2079009460886,take_profit,Daily,1d
2021-01-21,357.7020568847656,SPY,adx_trend_following,2021-01-22,2021-01-28,355.8494812219019,350.36634054269865,355.9048332503958,350.25833589485745,adx_di_trend_following,418.0,2.09,2.09,1.0554899308514445,2.583571089472752,148932.2803450337,146567.86445041868,148770.31029866546,0.998912458427461,148768.22029866546,0.9988984252038029,3083221.25,-2360.23589461504,-2364.41589461504,-0.015865188747144085,-0.015893286145846636,-0.015875778502399622,4,6,144.0,neutral,343.62624515725565,373.72840628172213,trend_reversal,Daily,1d
2021-04-12,384.4647521972656,SPY,adx_trend_following,2021-04-13,2021-05-12,384.3620022296351,384.08181415543856,384.4186363902526,383.9662388322647,adx_di_trend_following,381.0,1.905,1.905,0.9734588822249586,2.5100386827066554,146567.86445041868,146391.6909808253,146465.40546468622,0.9993009450869967,146463.50046468622,0.9992879476949208,4371689.25,-172.36346959337664,-176.17346959337664,-0.001176835655617388,-0.001202848962604535,-0.00120199247122805,21,29,696.0,neutral,364.5242270663124,400.39093287877,trend_reversal,Daily,1d
2021-07-06,405.6720275878906,SPY,adx_trend_following,2021-07-07,2021-07-20,406.3561849607675,398.8786186805884,406.4480340250343,398.8049430500027,adx_di_trend_following,360.0,1.8,1.8,1.7603092475557423,1.3474101655356252,146391.6909808253,143636.57822981392,146323.09224901235,0.9995314028319958,146321.29224901236,0.9995191070521744,2982638.0,-2751.5127510113803,-2755.1127510113806,-0.01880459575444976,-0.01882919914569014,-0.01882014431660777,9,13,312.0,calm,389.742497165714,417.51154255190033,trend_reversal,Daily,1d
2021-10-25,428.2354431152344,SPY,adx_trend_following,2021-10-26,2021-11-29,429.78648871271434,436.2445775616634,429.84219358213323,436.0989351242977,adx_di_trend_following,334.0,1.67,1.67,0.7961056450555133,2.839665053852097,143636.57822981392,145722.98990489685,143568.9626564325,0.9995292593696208,143567.2926564325,0.9995176328047123,4029558.25,2089.75167508294,2086.41167508294,0.01455590362133439,0.014532639269557604,0.01452562920111302,23,34,816.0,neutral,405.665150493523,445.47648510903565,trend_reversal,Daily,1d
2021-12-31,448.0502014160156,SPY,adx_trend_following,2022-01-03,2022-01-10,449.3143224260171,436.4849195241094,449.41632207319043,436.37776920823325,adx_di_trend_following,324.0,1.62,1.62,1.7701178681025715,1.9554485456622226,145722.98990489685,141495.25877665073,145612.50835171368,0.9992418385509707,145610.8883517137,0.999230721567981,4169642.25,-4224.491128246127,-4227.731128246127,-0.029012192536331086,-0.029034443619589186,-0.029012108048326966,5,7,168.0,neutral,425.5798060591172,468.7319150265177,trend_reversal,Daily,1d
2023-02-01,393.812255859375,SPY,adx_trend_following,2023-02-02,2023-02-22,397.704397771963,382.9987206737072,397.75221908992336,382.88247953970426,adx_di_trend_following,355.0,1.7750000000000001,1.7750000000000001,0.7024337228411727,2.535948109789225,141495.25877665073,136212.95123632296,141203.81277692277,0.9979402419399225,141202.03777692278,0.9979276973499811,4005146.5,-5278.757540327779,-5282.307540327778,-0.037384428889527734,-0.03740957016975209,-0.037332046218353246,13,20,480.0,neutral,371.24572672429906,418.30348800309054,trend_reversal,Daily,1d
2023-04-19,398.5294494628906,SPY,adx_trend_following,2023-04-20,2023-04-26,395.7098258250606,391.3891301301037,395.75642270786545,391.27438738686135,adx_di_trend_following,344.0,1.72,1.72,0.6775518262086992,2.432539081044799,136212.95123632296,134667.69108589756,136141.92941150573,0.9994785971218404,136140.20941150573,0.9994659698350488,3891495.75,-1541.820150425412,-1545.2601504254121,-0.011325237099973986,-0.011350505167467564,-0.011344443655320701,4,6,144.0,neutral,389.5066117238177,416.57512494103656,trend_reversal,Daily,1d
2023-06-01,405.9198913574219,SPY,adx_trend_following,2023-06-02,2023-06-16,408.49884845924817,427.9043831698667,408.6302003057549,427.8435791474386,adx_di_trend_following,329.0,1.645,1.645,2.7154765430112127,0.921174125115289,134667.69108589756,140985.6027248115,134440.98090059336,0.9983165213313148,134439.33590059337,0.9983043060777026,4030303.75,6321.201638913944,6317.9116389139435,0.04701898887382145,0.04699451686956792,0.04691482855293089,10,14,336.0,neutral,394.4299479150844,423.5286457513545,take_profit,Daily,1d
2023-06-16,424.4658508300781,SPY,adx_trend_following,2023-06-20,2023-07-28,422.52444796434224,440.3256151682766,422.58590292407877,440.2674180203553,adx_di_trend_following,333.0,1.665,1.665,0.9544710970592549,0.8218590688130716,140985.6027248115,146870.2172518716,140722.77067371825,0.9981357525448448,140721.10567371824,0.9981239428283359,4369707.0,5887.944527060088,5884.614527060088,0.04184123269122202,0.04181756886351077,0.04173911671354282,27,38,912.0,neutral,407.9695919690377,441.97673203101215,take_profit,Daily,1d
2023-07-28,441.33013916015625,SPY,adx_trend_following,2023-07-31,2023-08-04,441.80343186125066,435.3416597654818,441.8983943944708,435.24622971956245,adx_di_trend_following,332.0,1.6600000000000001,1.6600000000000001,1.6494295057899877,1.692553074632462,146870.2172518716,144658.37857980203,146711.92693896432,0.9989222436252285,146710.2669389643,0.9989109411295213,3544055.25,-2208.5186720695765,-2211.838672069576,-0.01505360680032287,-0.015076236436743481,-0.015059817527718612,4,4,96.0,calm,433.1877213239847,456.7198362726055,stop_loss,Daily,1d
2023-08-31,434.98431396484375,SPY,adx_trend_following,2023-09-01,2023-09-08,437.7081390777522,429.72025057240546,437.85749114736046,429.57531952734416,adx_di_trend_following,330.0,1.6500000000000001,1.6500000000000001,2.912138278326691,2.8738215040096184,144658.37857980203,141921.96194519664,144494.62207862895,0.9988679777640205,144492.97207862895,0.9988565715805958,3853478.75,-2733.1166346053787,-2736.416634605379,-0.018915221932857017,-0.018938060413874656,-0.018916406097389038,4,7,168.0,neutral,418.2359284981317,453.02879333547224,trend_reversal,Daily,1d
2023-11-14,434.9484252929687,SPY,adx_trend_following,2023-11-15,2023-12-14,436.28592709787057,457.9883386207796,436.3484691901489,457.8482057596612,adx_di_trend_following,325.0,1.625,1.625,0.9335115664709549,2.560683854508478,141921.96194519664,148906.12633028816,141814.8774867984,0.9992454694331269,141813.2524867984,0.999234019478675,4503589.5,6987.414385091504,6984.164385091504,0.049271942237852376,0.04924902477461809,0.049211300980946476,20,29,696.0,neutral,401.48860153022065,456.1475409916257,take_profit,Daily,1d
2023-12-14,457.5133972167969,SPY,adx_trend_following,2023-12-15,2024-01-25,456.91591124762226,474.52139081678,456.9805087548368,474.3778850688966,adx_di_trend_following,325.0,1.625,1.625,0.9137723293152904,2.5251357072141847,148906.12633028816,154557.0236323576,148520.29034532196,0.997408864265864,148518.66534532196,0.9973979513501898,3524969.75,5654.14730206943,5650.89730206943,0.0380702808560993,0.038048398084715364,0.03794939430185159,26,41,984.0,calm,439.41676478055234,473.3631152229475,take_profit,Daily,1d
2024-01-25,474.9593505859375,SPY,adx_trend_following,2024-01-26,2024-02-23,474.53109852869903,495.6304568322771,474.59575103310294,495.5191050090708,adx_di_trend_following,325.0,1.625,1.625,0.8624503136754729,1.747175176105736,154557.0236323576,161353.86367454714,154245.24408575846,0.9979827539423847,154243.61908575846,0.9979722400235617,4114300.25,6800.090042189558,6796.840042189558,0.044086686259667905,0.044065615695976106,0.04397626120413069,19,28,672.0,calm,457.28570024897624,490.46760259975355,take_profit,Daily,1d
2024-02-23,494.2485046386719,SPY,adx_trend_following,2024-02-26,2024-04-05,494.6863927584272,502.23705258109646,494.85893025923497,502.1713302720499,adx_di_trend_following,326.0,1.6300000000000001,1.6300000000000001,2.9878157825555527,0.808762668926893,161353.86367454714,163734.4460787248,161325.6412645106,0.9998250899644184,161324.0112645106,0.9998149879441576,3690571.25,2383.8424041776634,2380.582404177663,0.014776736491315359,0.014756528712110964,0.014753798576396839,28,39,936.0,neutral,477.5772025602381,512.6745339928634,trend_reversal,Daily,1d
2024-05-15,517.1930541992188,SPY,adx_trend_following,2024-05-16,2024-05-31,517.2906355349904,511.15017117084983,517.362599385069,511.0905616164246,adx_di_trend_following,316.0,1.58,1.58,0.8911686223374158,0.6663207834755692,163734.4460787248,161749.3221438332,163488.16140568178,0.9984958285874396,163486.5814056818,0.9984861788158867,3074169.75,-1981.963934891611,-1985.1239348916108,-0.012123098531086724,-0.012142427334544657,-0.012124045870819068,10,15,360.0,neutral,487.6812848525579,537.3790073333834,trend_reversal,Daily,1d
2024-06-12,528.4979248046875,SPY,adx_trend_following,2024-06-13,2024-07-11,530.2454535391702,549.8690906630567,530.3482799804281,549.7234212795289,adx_di_trend_following,304.0,1.52,1.52,1.439223440229394,2.149866785531625,161749.3221438332,167636.32509875987,161227.3971140501,0.9967732474988736,161225.87711405012,0.9967638502415631,2360216.75,5890.042954926657,5887.0029549266565,0.03653286346062226,0.03651400792666942,0.03639584312873797,18,28,672.0,calm,506.0443890267406,547.838865635762,take_profit,Daily,1d
2024-07-11,545.0112915039062,SPY,adx_trend_following,2024-07-12,2024-07-25,546.1376269625789,530.1931317534066,546.2261813136876,530.1209342261128,adx_di_trend_following,306.0,1.53,1.53,1.1214658492063927,0.8619067392489275,167636.32509875987,162705.059489962,167146.7414819884,0.9970794896840942,167145.2114819884,0.9970703627839482,2308382.0,-4928.205608797874,-4931.265608797874,-0.029484575508338384,-0.0295028829427714,-0.02941645019892144,9,13,312.0,calm,531.3390631933655,561.7347537321527,stop_loss,Daily,1d
2024-09-19,559.2124633789062,SPY,adx_trend_following,2024-09-20,2024-11-01,557.8430941207945,561.2617936558026,557.9278247497947,561.1325030442124,adx_di_trend_following,291.0,1.455,1.455,1.0188971575194508,1.8041012753465064,162705.059489962,163634.71087363755,162358.45200219026,0.9978697190557057,162356.99700219027,0.9978607764942109,2504661.0,932.5613836755518,929.6513836755518,0.005743894016855777,0.0057259705515679766,0.0057137214207706065,30,42,1008.0,neutral,528.3226099554475,589.2216038587792,trend_reversal,Daily,1d
2024-11-07,585.1242065429688,SPY,adx_trend_following,2024-11-08,2024-11-18,585.674234913322,575.8994574754852,585.8552385415701,575.7921651264033,adx_di_trend_following,279.0,1.395,1.395,2.590517175898938,1.3633867492497624,163634.71087363755,160824.32339080604,163455.00655309804,0.9989017958379364,163453.61155309805,0.9988932707518312,2127202.25,-2807.5974828315207,-2810.3874828315206,-0.017176723451714435,-0.017193792514756175,-0.01717476364169315,6,10,240.0,neutral,557.892139281839,609.92961075249,trend_reversal,Daily,1d
2024-11-25,587.0103149414062,SPY,adx_trend_following,2024-11-26,2024-12-19,588.2579123147351,580.9490228826561,588.4129725788811,580.825190244488,adx_di_trend_following,273.0,1.365,1.365,2.1359231367711766,1.6320121828051113,160824.32339080604,158750.12881351673,160638.10651403453,0.9988421099940274,160636.74151403454,0.9988336224719213,2341199.25,-2071.4645772893077,-2074.1945772893073,-0.012895334888925941,-0.012912329755568957,-0.01289726910430692,16,23,552.0,neutral,573.5810036102117,609.9477603885467,trend_reversal,Daily,1d
2025-01-23,601.0313110351562,SPY,adx_trend_following,2025-01-24,2025-02-04,601.0903888692611,589.2818218573458,601.2170583435973,589.1798861341663,adx_di_trend_following,264.0,1.32,1.32,1.607328226866051,1.2301290417149535,158750.12881351673,155569.67535022696,158722.6234027097,0.9998267377103086,158721.3034027097,0.9998184227564256,2534231.75,-3177.813463289782,-3180.453463289782,-0.020021341780611476,-0.020037974708538624,-0.020034336268324234,7,11,264.0,neutral,567.1232298261107,628.267787998635,trend_reversal,Daily,1d
2025-06-30,612.6533813476562,SPY,adx_trend_following,2025-07-01,2025-08-04,611.1758893553448,620.4075271113948,611.3544250702471,620.2948519539947,adx_di_trend_following,254.0,1.27,1.27,2.4211838688627036,1.316477390471918,155569.67535022696,157838.00377869885,155285.29396784274,0.998171999898155,155284.02396784275,0.9981638363534465,3738525.5,2270.8684284718884,2268.3284284718884,0.014623966912025377,0.014607609788252453,0.014580787826196227,23,34,816.0,calm,586.9116980815279,638.529710433063,trend_reversal,Daily,1d
2025-08-12,637.2844848632812,SPY,adx_trend_following,2025-08-13,2025-09-03,639.4857330110176,637.2646148509236,639.6473821022574,637.1395166815782,adx_di_trend_following,246.0,1.23,1.23,2.0277982431091113,1.4634344765952896,157838.00377869885,157218.60888521178,157354.48599715534,0.9969366200156621,157353.25599715533,0.9969288272156357,3630845.25,-616.934893487082,-619.3948934870821,-0.003920699890050163,-0.003936333503631343,-0.003924244343304809,14,21,504.0,calm,614.0812292944926,660.5643349716818,trend_reversal,Daily,1d
2025-09-05,641.796142578125,SPY,adx_trend_following,2025-09-08,2025-10-02,643.1644862104067,666.6540464714482,643.3559209485854,666.4678981304093,adx_di_trend_following,244.0,1.22,1.22,2.4764506946995732,2.293057873622165,157218.60888521178,162855.4913175768,156980.06471145485,0.9984827230348342,156978.84471145485,0.998474963139179,3268284.0,5639.322432365012,5636.8824323650115,0.03592409182734613,0.03590854833163188,0.03585378647180757,18,24,576.0,calm,628.4791123479844,664.2046473061777,take_profit,Daily,1d
2025-10-02,665.4309692382812,SPY,adx_trend_following,2025-10-03,2025-10-13,666.1966948783695,656.9095884512618,666.2895720960693,656.7027458676681,adx_di_trend_following,244.0,1.22,1.22,0.8941410759584729,2.649714005236572,162855.4913175768,160513.8657178469,162575.8755914409,0.9982830439190373,162574.6555914409,0.9982755526149976,3794415.75,-2339.185599729881,-2341.6255997298804,-0.014388378011443454,-0.014403386500873265,-0.014378548618686655,6,10,240.0,calm,650.7048739536411,685.1935469716907,stop_loss,Daily,1d
2025-10-28,683.1700439453125,SPY,adx_trend_following,2025-10-29,2025-11-07,684.8206562449755,664.1284090392404,684.9024394090467,663.9366238413073,adx_di_trend_following,234.0,1.17,1.17,0.6942274714624761,2.388607000220954,160513.8657178469,155605.5248749959,160268.34082171693,0.9984703820132178,160267.17082171692,0.9984630929233016,3831645.25,-4906.000842851009,-4908.340842851009,-0.030611389829227734,-0.030625990448855587,-0.03057892114740384,7,9,216.0,neutral,649.4718888267987,710.8666568465953,trend_reversal,Daily,1d
